time_seconds,model,fps,cpu_usage_percent,ram_usage_percent,inference_time_ms,objects_visible,people_visible,tracked_ids,unique_ids_seen,target_id,target_name,target_offset_x,target_direction
0.8362281322479248,yolov8n.pt,0.8235039339391166,20.8,35.7,378.01456451416016,1,1,[1],1,1.0,person,74.0,Turn RIGHT
1.2609813213348389,yolov8n.pt,10.473793690708366,96.0,35.7,48.74467849731445,1,1,[1],1,1.0,person,77.0,Turn RIGHT
1.3246071338653564,yolov8n.pt,16.809490221224753,97.0,35.7,44.60501670837402,1,1,[1],1,1.0,person,77.0,Turn RIGHT
1.384397268295288,yolov8n.pt,16.01582373942761,90.6,35.7,47.2407341003418,1,1,[1],1,1.0,person,77.0,Turn RIGHT
1.4462425708770752,yolov8n.pt,16.67171737246703,90.6,35.7,45.37796974182129,1,1,[1],1,1.0,person,78.0,Turn RIGHT
1.5060696601867676,yolov8n.pt,17.62260773842786,87.5,35.7,42.30189323425293,1,1,[1],1,1.0,person,78.0,Turn RIGHT
1.5629425048828125,yolov8n.pt,17.633424563085164,90.9,35.7,42.130470275878906,1,1,[1],1,1.0,person,79.0,Turn RIGHT
1.6197781562805176,yolov8n.pt,17.866805251454714,93.5,35.7,41.283369064331055,1,1,[1],1,1.0,person,79.0,Turn RIGHT
1.6756420135498047,yolov8n.pt,17.398047942790537,88.0,35.7,42.88005828857422,1,1,[1],1,1.0,person,79.0,Turn RIGHT
1.733503818511963,yolov8n.pt,17.12764767135594,90.6,35.7,43.418169021606445,1,1,[1],1,1.0,person,79.0,Turn RIGHT
1.7913060188293457,yolov8n.pt,16.423326167737592,87.5,35.7,46.49019241333008,1,1,[1],1,1.0,person,80.0,Turn RIGHT
1.8521463871002197,yolov8n.pt,17.46084292208549,87.5,35.7,42.91677474975586,1,1,[1],1,1.0,person,79.0,Turn RIGHT
1.909987211227417,yolov8n.pt,16.970475778161706,87.5,35.7,44.00157928466797,1,1,[1],1,1.0,person,79.0,Turn RIGHT
1.9688506126403809,yolov8n.pt,17.659558164111676,87.5,35.7,41.771650314331055,1,1,[1],1,1.0,person,79.0,Turn RIGHT
2.0216925144195557,yolov8n.pt,18.936508151499144,84.0,35.7,41.73851013183594,1,1,[1],1,1.0,person,78.0,Turn RIGHT
2.0785441398620605,yolov8n.pt,16.8412802299949,93.9,35.7,44.26312446594238,1,1,[1],1,1.0,person,77.0,Turn RIGHT
2.1373870372772217,yolov8n.pt,16.15020061146065,97.0,35.7,47.32966423034668,1,1,[1],1,1.0,person,79.0,Turn RIGHT
2.1972501277923584,yolov8n.pt,16.080912489216907,87.5,35.7,49.66330528259277,1,1,[1],1,1.0,person,77.0,Turn RIGHT
2.262089490890503,yolov8n.pt,16.809288121736273,87.5,35.7,44.312238693237305,1,1,[1],1,1.0,person,78.0,Turn RIGHT
2.32100510597229,yolov8n.pt,17.41314401959563,90.9,35.7,42.816162109375,1,1,[1],1,1.0,person,79.0,Turn RIGHT
2.3788206577301025,yolov8n.pt,17.362613889912282,91.7,35.7,42.61183738708496,1,1,[1],1,1.0,person,81.0,Turn RIGHT
2.4366116523742676,yolov8n.pt,17.63075616758513,87.5,35.7,41.544198989868164,1,1,[1],1,1.0,person,82.0,Turn RIGHT
2.4934306144714355,yolov8n.pt,17.15082967360992,84.4,35.7,43.01643371582031,1,1,[1],1,1.0,person,84.0,Turn RIGHT
2.5512802600860596,yolov8n.pt,17.712432432432433,83.3,35.7,41.60761833190918,1,1,[1],1,1.0,person,85.0,Turn RIGHT
2.608184814453125,yolov8n.pt,16.528169541350923,91.2,35.7,45.22371292114258,1,1,[1],1,1.0,person,89.0,Turn RIGHT
2.6679654121398926,yolov8n.pt,17.58116763354683,84.4,35.7,42.32501983642578,1,1,[1],1,1.0,person,92.0,Turn RIGHT
2.724872589111328,yolov8n.pt,17.904252912325035,92.0,35.7,41.28551483154297,1,1,[1],1,1.0,person,98.0,Turn RIGHT
2.7806665897369385,yolov8n.pt,17.751714097072913,90.6,35.7,41.803836822509766,1,1,[1],1,1.0,person,99.0,Turn RIGHT
2.837564706802368,yolov8n.pt,17.396965498934026,90.6,35.7,42.366981506347656,1,1,[1],1,1.0,person,103.0,Turn RIGHT
2.8953566551208496,yolov8n.pt,17.79887120729896,83.3,35.7,40.787458419799805,1,1,[1],1,1.0,person,108.0,Turn RIGHT
2.9492406845092773,yolov8n.pt,18.47523819172507,84.4,35.7,41.02182388305664,1,1,[1],1,1.0,person,110.0,Turn RIGHT
3.0050671100616455,yolov8n.pt,17.79811592972927,83.3,35.7,41.3365364074707,1,1,[1],1,1.0,person,109.0,Turn RIGHT
3.0609169006347656,yolov8n.pt,17.89898093303518,87.9,35.7,41.416168212890625,1,1,[1],1,1.0,person,103.0,Turn RIGHT
3.116760492324829,yolov8n.pt,17.413577786634782,87.5,35.7,43.00045967102051,1,1,[1],1,1.0,person,94.0,Turn RIGHT
3.174612522125244,yolov8n.pt,18.04840097765844,87.5,35.7,40.53926467895508,1,1,[1],1,1.0,person,94.0,Turn RIGHT
3.2304630279541016,yolov8n.pt,17.73130189221638,87.5,35.7,41.08428955078125,1,1,[1],1,1.0,person,94.0,Turn RIGHT
3.286322832107544,yolov8n.pt,17.275012767920394,92.0,35.7,43.11084747314453,1,1,[1],1,1.0,person,93.0,Turn RIGHT
3.3441545963287354,yolov8n.pt,17.494636034502896,93.9,35.7,42.45734214782715,1,1,[1],1,1.0,person,89.0,Turn RIGHT
3.3990118503570557,yolov8n.pt,18.593668680760892,87.5,35.7,41.372060775756836,1,1,[1],1,1.0,person,92.0,Turn RIGHT
3.454861879348755,yolov8n.pt,17.78920849273469,90.6,35.7,41.71466827392578,1,1,[1],1,1.0,person,96.0,Turn RIGHT
3.5117006301879883,yolov8n.pt,17.606776900441186,84.4,35.7,41.70799255371094,1,1,[1],1,1.0,person,98.0,Turn RIGHT
3.568558931350708,yolov8n.pt,17.941934628332856,83.3,35.7,40.56429862976074,1,1,[1],1,1.0,person,103.0,Turn RIGHT
3.6224117279052734,yolov8n.pt,18.0770265144985,97.0,35.7,42.0384407043457,1,1,[1],1,1.0,person,104.0,Turn RIGHT
3.679255723953247,yolov8n.pt,17.913046449254317,88.0,35.7,41.01252555847168,1,1,[1],1,1.0,person,109.0,Turn RIGHT
3.735109329223633,yolov8n.pt,17.6819668813868,87.5,35.7,41.709184646606445,1,1,[1],1,1.0,person,112.0,Turn RIGHT
3.7919538021087646,yolov8n.pt,17.138705578052278,84.4,35.7,43.237924575805664,1,1,[1],1,1.0,person,117.0,Turn RIGHT
3.8498308658599854,yolov8n.pt,17.916336686529547,96.0,35.7,41.161537170410156,1,1,[1],1,1.0,person,135.0,Turn RIGHT
3.9056522846221924,yolov8n.pt,17.8158819156844,87.5,35.7,41.46003723144531,1,1,[1],1,1.0,person,140.0,Turn RIGHT
3.957509994506836,yolov8n.pt,18.621653539811224,83.3,35.7,43.31517219543457,1,1,[1],1,1.0,person,146.0,Turn RIGHT
4.015389442443848,yolov8n.pt,17.58913025245324,90.9,35.7,42.27781295776367,1,1,[1],1,1.0,person,152.0,Turn RIGHT
4.072206258773804,yolov8n.pt,17.913888022824246,88.0,35.7,41.27192497253418,1,1,[1],1,1.0,person,165.0,Turn RIGHT
4.128053665161133,yolov8n.pt,17.20450713931195,97.4,35.7,43.57314109802246,1,1,[1],1,1.0,person,167.0,Turn RIGHT
4.185965299606323,yolov8n.pt,17.84407771864218,90.6,35.7,41.690826416015625,1,1,[1],1,1.0,person,170.0,Turn RIGHT
4.242751121520996,yolov8n.pt,17.378800560191593,83.3,35.7,42.46091842651367,1,1,[1],1,1.0,person,173.0,Turn RIGHT
4.299607038497925,yolov8n.pt,17.232923427106403,87.9,35.7,43.619632720947266,1,1,[1],1,1.0,person,184.0,Turn RIGHT
4.358444690704346,yolov8n.pt,17.52892648331028,93.9,35.7,41.84675216674805,1,1,[1],1,1.0,person,185.0,Turn RIGHT
4.415295600891113,yolov8n.pt,17.478305802343606,90.3,35.7,42.19651222229004,1,1,[1],1,1.0,person,185.0,Turn RIGHT
4.4721410274505615,yolov8n.pt,17.597100087265893,84.0,35.7,42.15645790100098,1,1,[1],1,1.0,person,185.0,Turn RIGHT
4.529016971588135,yolov8n.pt,17.107597931248268,84.4,35.7,43.77555847167969,1,1,[1],1,1.0,person,185.0,Turn RIGHT
4.587830543518066,yolov8n.pt,17.195901817451304,93.8,35.7,43.09344291687012,1,1,[1],1,1.0,person,184.0,Turn RIGHT
4.645697116851807,yolov8n.pt,16.9399752825144,87.5,35.7,44.26074028015137,1,1,[1],1,1.0,person,184.0,Turn RIGHT
4.704519748687744,yolov8n.pt,17.28248678360549,87.9,35.7,43.28012466430664,1,1,[1],1,1.0,person,183.0,Turn RIGHT
4.758369445800781,yolov8n.pt,18.709119700247562,93.8,35.7,42.89412498474121,1,1,[1],1,1.0,person,182.0,Turn RIGHT
4.816223859786987,yolov8n.pt,17.02254491734883,92.0,35.7,43.804168701171875,1,1,[1],1,1.0,person,182.0,Turn RIGHT
4.87506103515625,yolov8n.pt,17.501205885052865,90.6,35.7,42.09136962890625,1,1,[1],1,1.0,person,181.0,Turn RIGHT
4.931904315948486,yolov8n.pt,17.76065922246641,84.4,35.7,41.550636291503906,1,1,[1],1,1.0,person,181.0,Turn RIGHT
4.988763093948364,yolov8n.pt,17.066319451508555,83.3,35.7,43.28274726867676,1,1,[1],1,1.0,person,183.0,Turn RIGHT
5.04665470123291,yolov8n.pt,17.436815870759073,90.6,35.7,42.76323318481445,1,1,[1],1,1.0,person,183.0,Turn RIGHT
5.104450702667236,yolov8n.pt,17.08014953210135,91.2,35.7,43.49207878112793,1,1,[1],1,1.0,person,184.0,Turn RIGHT
5.158299684524536,yolov8n.pt,18.49014283195204,87.5,35.7,43.72811317443848,1,1,[1],1,1.0,person,184.0,Turn RIGHT
5.217162132263184,yolov8n.pt,17.993196199137728,87.5,35.7,40.43722152709961,1,1,[1],1,1.0,person,184.0,Turn RIGHT
5.272028684616089,yolov8n.pt,17.51743263335505,83.3,35.7,42.66166687011719,1,1,[1],1,1.0,person,182.0,Turn RIGHT
5.329895734786987,yolov8n.pt,17.530391751198493,97.0,35.7,41.8400764465332,1,1,[1],1,1.0,person,180.0,Turn RIGHT
5.382704734802246,yolov8n.pt,18.92548573697557,95.8,35.7,41.870832443237305,1,1,[1],1,1.0,person,179.0,Turn RIGHT
5.439549922943115,yolov8n.pt,17.235826881667407,94.4,35.7,43.05243492126465,1,1,[1],1,1.0,person,178.0,Turn RIGHT
5.493408441543579,yolov8n.pt,18.2333297106962,84.4,35.7,44.031381607055664,1,1,[1],1,1.0,person,177.0,Turn RIGHT
5.55225396156311,yolov8n.pt,16.80403524024343,92.0,35.7,44.69108581542969,1,1,[1],1,1.0,person,175.0,Turn RIGHT
5.612088203430176,yolov8n.pt,16.91360732950513,97.0,35.7,43.98369789123535,1,1,[1],1,1.0,person,175.0,Turn RIGHT
5.6709630489349365,yolov8n.pt,17.006876865187493,90.6,35.7,43.927669525146484,1,1,[1],1,1.0,person,175.0,Turn RIGHT
5.729795455932617,yolov8n.pt,17.092887445340548,87.5,35.7,43.604135513305664,1,1,[1],1,1.0,person,174.0,Turn RIGHT
5.788623571395874,yolov8n.pt,17.47524727724216,83.3,35.7,41.9766902923584,1,1,[1],1,1.0,person,175.0,Turn RIGHT
5.845463037490845,yolov8n.pt,17.219905326123996,93.8,35.7,43.23577880859375,1,1,[1],1,1.0,person,175.0,Turn RIGHT
5.9033143520355225,yolov8n.pt,17.959066230496514,84.4,35.7,41.04018211364746,1,1,[1],1,1.0,person,176.0,Turn RIGHT
5.957204341888428,yolov8n.pt,17.955145355930462,83.3,35.7,42.841434478759766,1,1,[1],1,1.0,person,176.0,Turn RIGHT
6.0150110721588135,yolov8n.pt,17.550417179248992,90.6,35.7,42.01698303222656,1,1,[1],1,1.0,person,175.0,Turn RIGHT
6.0718605518341064,yolov8n.pt,17.603968790266055,90.9,35.7,41.98026657104492,1,1,[1],1,1.0,person,175.0,Turn RIGHT
6.1287078857421875,yolov8n.pt,17.554310204115797,91.7,35.7,42.08970069885254,1,1,[1],1,1.0,person,176.0,Turn RIGHT
6.181585311889648,yolov8n.pt,18.738876553082935,84.8,35.7,42.56725311279297,1,1,[1],1,1.0,person,176.0,Turn RIGHT
6.239411115646362,yolov8n.pt,17.135274700134,84.0,35.7,43.10011863708496,1,1,[1],1,1.0,person,173.0,Turn RIGHT
6.294262886047363,yolov8n.pt,18.348428641422274,87.5,35.7,42.77920722961426,1,1,[1],1,1.0,person,174.0,Turn RIGHT
6.352112293243408,yolov8n.pt,17.31916738583763,90.6,35.7,42.65093803405762,1,1,[1],1,1.0,person,174.0,Turn RIGHT
6.409981727600098,yolov8n.pt,17.29488654403609,87.5,35.7,42.6027774810791,1,1,[1],1,1.0,person,174.0,Turn RIGHT
6.466805934906006,yolov8n.pt,17.591490932273054,84.4,35.7,42.62232780456543,1,1,[1],1,1.0,person,177.0,Turn RIGHT
6.524652719497681,yolov8n.pt,17.74713227298307,83.3,35.7,41.14246368408203,1,1,[1],1,1.0,person,178.0,Turn RIGHT
6.58051061630249,yolov8n.pt,17.830878258023102,93.9,35.7,41.34798049926758,1,1,[1],1,1.0,person,179.0,Turn RIGHT
6.636356353759766,yolov8n.pt,17.893177707245485,87.5,35.7,41.38541221618652,1,1,[1],1,1.0,person,179.0,Turn RIGHT
6.692209720611572,yolov8n.pt,17.81459552671146,83.3,35.7,41.67056083679199,1,1,[1],1,1.0,person,179.0,Turn RIGHT
6.749048948287964,yolov8n.pt,17.47481043246396,93.8,35.7,42.07181930541992,1,1,[1],1,1.0,person,178.0,Turn RIGHT
6.805897951126099,yolov8n.pt,17.688156035846074,90.3,35.7,41.73898696899414,1,1,[1],1,1.0,person,178.0,Turn RIGHT
6.862746000289917,yolov8n.pt,17.540948915793656,92.3,35.7,41.901350021362305,1,1,[1],1,1.0,person,178.0,Turn RIGHT
6.917630195617676,yolov8n.pt,18.475970644982247,84.4,35.7,41.14174842834473,1,1,[1],1,1.0,person,177.0,Turn RIGHT
6.973448038101196,yolov8n.pt,17.481875435035406,83.3,35.7,42.54460334777832,1,1,[1],1,1.0,person,174.0,Turn RIGHT
7.0303566455841064,yolov8n.pt,17.4037510373444,93.9,35.7,43.0760383605957,1,1,[1],1,1.0,person,172.0,Turn RIGHT
7.088144540786743,yolov8n.pt,17.594295062712362,87.9,35.7,42.124271392822266,1,1,[1],1,1.0,person,170.0,Turn RIGHT
7.144986867904663,yolov8n.pt,17.847798335347484,83.3,35.7,41.30077362060547,1,1,[1],1,1.0,person,168.0,Turn RIGHT
7.200857162475586,yolov8n.pt,17.65138309646956,90.6,35.7,42.11258888244629,1,1,[1],1,1.0,person,161.0,Turn RIGHT
7.253697872161865,yolov8n.pt,18.71721823569312,91.7,35.7,42.66524314880371,1,1,[1],1,1.0,person,157.0,Turn RIGHT
7.311543703079224,yolov8n.pt,17.43935336870291,90.6,35.7,42.177677154541016,1,1,[1],1,1.0,person,155.0,Turn RIGHT
7.368391513824463,yolov8n.pt,17.482822725188612,93.8,35.7,42.53101348876953,1,1,[1],1,1.0,person,155.0,Turn RIGHT
7.426240921020508,yolov8n.pt,17.269109309573903,91.7,35.7,42.60611534118652,1,1,[1],1,1.0,person,154.0,Turn RIGHT
7.483087062835693,yolov8n.pt,17.34344478535218,90.9,35.7,43.39933395385742,1,1,[1],1,1.0,person,159.0,Turn RIGHT
7.5409345626831055,yolov8n.pt,17.547186545621887,87.5,35.7,42.53554344177246,1,1,[1],1,1.0,person,164.0,Turn RIGHT
7.598778963088989,yolov8n.pt,17.375776757751005,91.7,35.7,42.244672775268555,1,1,[1],1,1.0,person,168.0,Turn RIGHT
7.653630971908569,yolov8n.pt,18.11747427712457,87.5,35.7,42.581796646118164,1,1,[1],1,1.0,person,173.0,Turn RIGHT
7.711478233337402,yolov8n.pt,16.665358116323237,84.4,35.7,44.74902153015137,1,1,[1],1,1.0,person,192.0,Turn RIGHT
7.771318674087524,yolov8n.pt,17.429642373318043,87.5,35.7,42.27256774902344,1,1,[1],1,1.0,person,198.0,Turn RIGHT
7.82915997505188,yolov8n.pt,16.962857512618093,90.6,35.7,43.393611907958984,1,1,[1],1,1.0,person,205.0,Turn RIGHT
7.8870038986206055,yolov8n.pt,17.687037193219194,90.9,35.7,42.101383209228516,2,1,"[1, 3]",2,3.0,tv,98.0,Turn RIGHT
7.94385290145874,yolov8n.pt,15.392449658887816,84.4,35.7,50.206899642944336,2,1,"[1, 3]",2,3.0,tv,116.0,Turn RIGHT
8.008677244186401,yolov8n.pt,17.291179004736797,87.9,35.7,43.215036392211914,2,1,"[1, 3]",2,3.0,tv,122.0,Turn RIGHT
8.066536664962769,yolov8n.pt,18.094573315674356,87.5,35.7,40.618181228637695,1,0,[3],2,3.0,tv,125.0,Turn RIGHT
8.119388818740845,yolov8n.pt,18.380269592806183,96.9,35.7,42.1907901763916,1,0,[3],2,3.0,tv,125.0,Turn RIGHT
8.176264762878418,yolov8n.pt,16.939359549608856,87.5,35.7,44.332265853881836,1,0,[3],2,3.0,tv,125.0,Turn RIGHT
8.235077619552612,yolov8n.pt,18.317337758756224,90.6,35.7,40.107011795043945,1,0,[3],2,3.0,tv,125.0,Turn RIGHT
8.289937496185303,yolov8n.pt,17.65717918169916,83.3,35.7,41.88871383666992,1,0,[3],2,3.0,tv,124.0,Turn RIGHT
8.346777439117432,yolov8n.pt,18.27113726754342,93.8,35.7,39.795637130737305,1,0,[3],2,3.0,tv,124.0,Turn RIGHT
8.401646375656128,yolov8n.pt,18.352121673536182,83.3,35.7,39.394378662109375,1,0,[3],2,3.0,tv,124.0,Turn RIGHT
8.453498125076294,yolov8n.pt,19.00110537283682,87.5,35.7,40.17138481140137,1,0,[3],2,3.0,tv,124.0,Turn RIGHT
8.508342742919922,yolov8n.pt,18.248164004037452,83.3,35.7,40.132761001586914,1,0,[3],2,3.0,tv,123.0,Turn RIGHT
8.563232421875,yolov8n.pt,18.301033230941076,87.5,35.7,39.90006446838379,1,0,[3],2,3.0,tv,123.0,Turn RIGHT
8.614088296890259,yolov8n.pt,19.86155689303286,88.0,35.7,39.374351501464844,1,0,[3],2,3.0,tv,123.0,Turn RIGHT
8.667980909347534,yolov8n.pt,18.04715844549241,84.4,35.7,40.886878967285156,1,0,[3],2,3.0,tv,123.0,Turn RIGHT
8.723772287368774,yolov8n.pt,18.05508252046869,91.7,35.7,40.47107696533203,1,0,[3],2,3.0,tv,123.0,Turn RIGHT
8.778621912002563,yolov8n.pt,18.266681183720575,87.9,35.7,40.40098190307617,1,0,[3],2,3.0,tv,123.0,Turn RIGHT
8.833475112915039,yolov8n.pt,18.397522611434237,87.5,35.7,39.88218307495117,1,0,[3],2,3.0,tv,123.0,Turn RIGHT
8.886341094970703,yolov8n.pt,19.04770208900999,83.3,35.7,39.513349533081055,1,0,[3],2,3.0,tv,123.0,Turn RIGHT
8.940187692642212,yolov8n.pt,18.359753295017313,90.6,35.7,40.142059326171875,1,0,[3],2,3.0,tv,122.0,Turn RIGHT
8.995040893554688,yolov8n.pt,17.98070022763614,84.4,35.7,40.92001914978027,1,0,[3],2,3.0,tv,122.0,Turn RIGHT
9.050902843475342,yolov8n.pt,17.946771184555086,87.5,35.7,40.7562255859375,1,0,[3],2,3.0,tv,122.0,Turn RIGHT
9.10678744316101,yolov8n.pt,18.16840728243025,90.6,35.7,39.90912437438965,1,0,[3],2,3.0,tv,122.0,Turn RIGHT
9.157610416412354,yolov8n.pt,19.425898394260653,91.7,35.7,40.560245513916016,1,0,[3],2,3.0,tv,122.0,Turn RIGHT
9.213508605957031,yolov8n.pt,17.812704115651027,84.4,35.7,40.82775115966797,1,0,[3],2,3.0,tv,122.0,Turn RIGHT
9.269310712814331,yolov8n.pt,18.01537681794363,87.5,35.7,40.51470756530762,1,0,[3],2,3.0,tv,122.0,Turn RIGHT
9.32416558265686,yolov8n.pt,18.13886426245389,88.2,35.7,40.78865051269531,1,0,[3],2,3.0,tv,122.0,Turn RIGHT
9.38002872467041,yolov8n.pt,17.953992483327198,87.5,35.7,40.64440727233887,1,0,[3],2,3.0,tv,122.0,Turn RIGHT
9.43489408493042,yolov8n.pt,16.300333444740666,90.6,35.7,47.10721969604492,1,0,[3],2,3.0,tv,122.0,Turn RIGHT
9.494719743728638,yolov8n.pt,18.563877860838545,87.5,35.7,41.14961624145508,1,0,[3],2,3.0,tv,122.0,Turn RIGHT
9.550560474395752,yolov8n.pt,17.87906715034123,87.5,35.7,41.26262664794922,1,0,[3],2,3.0,tv,122.0,Turn RIGHT
9.606438159942627,yolov8n.pt,18.284837414500387,90.9,35.7,40.0083065032959,1,0,[3],2,3.0,tv,122.0,Turn RIGHT
9.661261558532715,yolov8n.pt,17.913352466858,83.3,35.7,41.05710983276367,1,0,[3],2,3.0,tv,122.0,Turn RIGHT
9.717119216918945,yolov8n.pt,18.151816781207263,93.8,35.7,40.30489921569824,1,0,[3],2,3.0,tv,122.0,Turn RIGHT
9.77000379562378,yolov8n.pt,19.016353604185653,84.0,35.7,39.986610412597656,1,0,[3],2,3.0,tv,122.0,Turn RIGHT
9.82486891746521,yolov8n.pt,18.253564278875444,90.9,35.7,39.91389274597168,1,0,[3],2,3.0,tv,122.0,Turn RIGHT
9.879693746566772,yolov8n.pt,18.25880877961291,91.7,35.7,39.867401123046875,1,0,[3],2,3.0,tv,122.0,Turn RIGHT
9.934533596038818,yolov8n.pt,17.74142707888314,84.4,35.7,41.37563705444336,1,0,[3],2,3.0,tv,122.0,Turn RIGHT
9.990416288375854,yolov8n.pt,18.003622784049448,83.3,35.7,41.040897369384766,1,0,[3],2,3.0,tv,122.0,Turn RIGHT
10.046248435974121,yolov8n.pt,18.069550232638292,90.6,35.7,40.56978225708008,1,0,[3],2,3.0,tv,122.0,Turn RIGHT
10.101088047027588,yolov8n.pt,18.04219002718607,88.0,35.7,41.132450103759766,1,0,[3],2,3.0,tv,122.0,Turn RIGHT
10.15693736076355,yolov8n.pt,17.473354440926514,91.2,35.7,42.51694679260254,1,0,[3],2,3.0,tv,119.0,Turn RIGHT
10.213794946670532,yolov8n.pt,17.63935722366379,90.3,35.7,42.36745834350586,2,1,"[3, 6]",3,3.0,tv,114.0,Turn RIGHT
10.270636320114136,yolov8n.pt,16.95408097270728,80.0,35.7,44.49152946472168,2,1,"[3, 6]",3,3.0,tv,106.0,Turn RIGHT
10.330512285232544,yolov8n.pt,17.327037555718046,91.2,35.7,42.32931137084961,2,1,"[3, 6]",3,3.0,tv,99.0,Turn RIGHT
10.387321710586548,yolov8n.pt,17.77978236817675,90.6,35.7,41.78118705749512,1,1,[6],3,6.0,person,202.0,Turn RIGHT
10.444166660308838,yolov8n.pt,16.236099283093075,84.4,35.7,46.506404876708984,1,1,[6],3,6.0,person,180.0,Turn RIGHT
10.505005598068237,yolov8n.pt,17.53105120167189,84.0,35.7,42.70172119140625,1,1,[6],3,6.0,person,163.0,Turn RIGHT
10.562858819961548,yolov8n.pt,17.679507336421615,93.9,35.7,41.44167900085449,1,1,[6],3,6.0,person,150.0,Turn RIGHT
10.618707418441772,yolov8n.pt,17.383266192536595,90.9,35.7,43.09797286987305,1,1,[6],3,6.0,person,131.0,Turn RIGHT
10.676552534103394,yolov8n.pt,17.677048475602046,87.5,35.7,41.82696342468262,1,1,[6],3,6.0,person,133.0,Turn RIGHT
10.733465909957886,yolov8n.pt,17.1659913726068,93.9,35.7,43.183326721191406,1,1,[6],3,6.0,person,134.0,Turn RIGHT
10.789260864257812,yolov8n.pt,18.262545337379773,91.7,35.7,42.13070869445801,1,1,[6],3,6.0,person,133.0,Turn RIGHT
10.846096277236938,yolov8n.pt,17.80982993991635,93.8,35.7,41.44406318664551,2,1,"[6, 7]",4,7.0,refrigerator,66.0,Turn RIGHT
10.901947975158691,yolov8n.pt,17.731077019331984,84.4,35.7,42.005300521850586,2,1,"[6, 7]",4,7.0,refrigerator,62.0,Turn RIGHT
10.958791255950928,yolov8n.pt,17.541902618965963,83.3,35.7,42.15121269226074,2,1,"[6, 7]",4,7.0,refrigerator,66.0,Turn RIGHT
11.013660907745361,yolov8n.pt,18.24895796169476,87.5,35.7,42.07968711853027,1,1,[6],4,6.0,person,131.0,Turn RIGHT
11.0705087184906,yolov8n.pt,17.665062016973067,87.5,35.7,41.8548583984375,1,1,[6],4,6.0,person,134.0,Turn RIGHT
11.125356197357178,yolov8n.pt,18.013906724446716,90.6,35.7,42.504310607910156,1,1,[6],4,6.0,person,138.0,Turn RIGHT
11.182194948196411,yolov8n.pt,17.623718444317458,84.4,35.7,42.407989501953125,1,1,[6],4,6.0,person,148.0,Turn RIGHT
11.2390615940094,yolov8n.pt,17.240998869592026,83.3,35.7,43.5633659362793,1,1,[6],4,6.0,person,147.0,Turn RIGHT
11.297885656356812,yolov8n.pt,17.086202893119168,93.9,35.7,43.2436466217041,1,1,[6],4,6.0,person,147.0,Turn RIGHT
11.355761051177979,yolov8n.pt,17.159460133943732,90.9,35.7,43.645620346069336,1,1,[6],4,6.0,person,145.0,Turn RIGHT
11.414599895477295,yolov8n.pt,17.19724142455329,90.6,35.7,42.975425720214844,1,1,[6],4,6.0,person,144.0,Turn RIGHT
11.472419738769531,yolov8n.pt,17.518383781006836,87.5,35.7,42.21987724304199,1,1,[6],4,6.0,person,142.0,Turn RIGHT
11.525301218032837,yolov8n.pt,18.611572594959178,87.5,35.7,43.070316314697266,1,1,[6],4,6.0,person,139.0,Turn RIGHT
11.583120346069336,yolov8n.pt,17.56246911926037,88.5,35.7,42.208194732666016,1,1,[6],4,6.0,person,135.0,Turn RIGHT
11.639970064163208,yolov8n.pt,17.33419846507995,93.8,35.7,43.0300235748291,1,1,[6],4,6.0,person,124.0,Turn RIGHT
11.697820663452148,yolov8n.pt,17.35930832681475,84.4,35.7,42.784929275512695,1,1,[6],4,6.0,person,121.0,Turn RIGHT
11.755666255950928,yolov8n.pt,17.45016412948964,87.5,35.7,42.26350784301758,1,1,[6],4,6.0,person,117.0,Turn RIGHT
11.812511444091797,yolov8n.pt,17.581241328431844,87.5,35.7,42.276620864868164,1,1,[6],4,6.0,person,115.0,Turn RIGHT
11.869359016418457,yolov8n.pt,17.369156865993045,93.9,35.7,43.00284385681152,1,1,[6],4,6.0,person,107.0,Turn RIGHT
11.92521047592163,yolov8n.pt,18.15826067380707,88.0,35.7,42.234182357788086,1,1,[6],4,6.0,person,105.0,Turn RIGHT
11.98205828666687,yolov8n.pt,17.976076493504824,84.4,35.7,41.007280349731445,1,1,[6],4,6.0,person,103.0,Turn RIGHT
12.037909030914307,yolov8n.pt,18.164709143193708,87.5,35.7,40.2066707611084,1,1,[6],4,6.0,person,102.0,Turn RIGHT
12.092759370803833,yolov8n.pt,18.031873777433848,100.0,35.7,40.82965850830078,1,1,[6],4,6.0,person,102.0,Turn RIGHT
12.148617029190063,yolov8n.pt,17.933189387947067,87.5,35.7,40.71855545043945,1,1,[6],4,6.0,person,103.0,Turn RIGHT
12.204466819763184,yolov8n.pt,17.78671902498187,87.5,35.7,41.09025001525879,1,1,[6],4,6.0,person,104.0,Turn RIGHT
12.2603120803833,yolov8n.pt,17.910522202911423,87.5,35.7,41.09644889831543,1,1,[6],4,6.0,person,104.0,Turn RIGHT
12.31616497039795,yolov8n.pt,17.806956691559503,87.5,35.7,41.382551193237305,1,1,[6],4,6.0,person,105.0,Turn RIGHT
12.372010231018066,yolov8n.pt,18.21060949453374,87.9,35.7,40.44747352600098,1,1,[6],4,6.0,person,107.0,Turn RIGHT
12.427882671356201,yolov8n.pt,17.782646853072734,83.3,35.7,40.83251953125,1,1,[6],4,6.0,person,108.0,Turn RIGHT
12.483721256256104,yolov8n.pt,17.90043232769842,90.9,35.7,40.838003158569336,1,1,[6],4,6.0,person,110.0,Turn RIGHT
12.539564609527588,yolov8n.pt,17.729203300419314,87.5,35.7,41.40114784240723,1,1,[6],4,6.0,person,111.0,Turn RIGHT
12.595419645309448,yolov8n.pt,17.81028369547217,90.6,35.7,41.708946228027344,1,1,[6],4,6.0,person,115.0,Turn RIGHT
12.652268171310425,yolov8n.pt,17.487852368861038,84.4,35.7,42.02723503112793,1,1,[6],4,6.0,person,118.0,Turn RIGHT
12.709113359451294,yolov8n.pt,17.35507042486635,87.5,35.7,42.80352592468262,1,1,[6],4,6.0,person,118.0,Turn RIGHT
12.766963005065918,yolov8n.pt,17.408807537459012,93.8,35.7,42.409658432006836,1,1,[6],4,6.0,person,119.0,Turn RIGHT
12.821813821792603,yolov8n.pt,18.316617828804002,90.6,35.7,42.12379455566406,1,1,[6],4,6.0,person,119.0,Turn RIGHT
12.878666639328003,yolov8n.pt,17.262854626348435,91.7,35.7,43.215274810791016,1,1,[6],4,6.0,person,120.0,Turn RIGHT
12.936501502990723,yolov8n.pt,17.477359001604267,87.5,35.7,42.6175594329834,1,1,[6],4,6.0,person,120.0,Turn RIGHT
12.994378805160522,yolov8n.pt,17.211920258036983,84.8,35.7,42.818307876586914,1,1,[6],4,6.0,person,120.0,Turn RIGHT
13.052204608917236,yolov8n.pt,17.265626029111505,83.3,35.7,42.91081428527832,1,1,[6],4,6.0,person,123.0,Turn RIGHT
13.110048055648804,yolov8n.pt,17.05694997966653,93.9,35.7,43.70880126953125,1,1,[6],4,6.0,person,125.0,Turn RIGHT
13.168911218643188,yolov8n.pt,17.34530957934263,84.4,35.7,42.48046875,1,1,[6],4,6.0,person,127.0,Turn RIGHT
13.22681713104248,yolov8n.pt,17.420159237123762,87.5,35.7,41.98288917541504,1,1,[6],4,6.0,person,130.0,Turn RIGHT
13.283578395843506,yolov8n.pt,17.32417484831087,93.8,35.7,42.96064376831055,1,1,[6],4,6.0,person,135.0,Turn RIGHT
13.341421365737915,yolov8n.pt,16.86762647792166,93.9,35.7,44.3878173828125,1,1,[6],4,6.0,person,157.0,Turn RIGHT
13.400282382965088,yolov8n.pt,17.525850217908165,90.6,35.7,42.58441925048828,1,1,[6],4,6.0,person,163.0,Turn RIGHT
13.458104610443115,yolov8n.pt,17.001568700572758,87.5,35.7,43.59912872314453,1,1,[6],4,6.0,person,169.0,Turn RIGHT
13.515957117080688,yolov8n.pt,17.436018523907315,90.6,35.7,43.07961463928223,1,1,[6],4,6.0,person,173.0,Turn RIGHT
13.573802471160889,yolov8n.pt,16.77352582431865,87.5,35.7,44.85630989074707,1,1,[6],4,6.0,person,188.0,Turn RIGHT
13.633669376373291,yolov8n.pt,17.443632537461166,91.7,35.7,42.33098030090332,1,1,[6],4,6.0,person,191.0,Turn RIGHT
13.686497926712036,yolov8n.pt,18.853685506998822,87.5,35.7,42.52505302429199,1,1,[6],4,6.0,person,193.0,Turn RIGHT
13.7443528175354,yolov8n.pt,16.80066973494999,84.4,35.7,44.193267822265625,1,1,[6],4,6.0,person,196.0,Turn RIGHT
13.803199291229248,yolov8n.pt,16.72650124821541,84.4,35.7,45.139312744140625,1,1,[6],4,6.0,person,202.0,Turn RIGHT
13.863042831420898,yolov8n.pt,17.136604877490736,92.3,35.7,43.6398983001709,1,1,[6],4,6.0,person,202.0,Turn RIGHT
13.921880722045898,yolov8n.pt,17.37527289297624,90.6,35.7,42.35696792602539,1,1,[6],4,6.0,person,202.0,Turn RIGHT
13.978723287582397,yolov8n.pt,17.431453305460547,84.4,35.7,42.89364814758301,1,1,[6],4,6.0,person,202.0,Turn RIGHT
14.036568880081177,yolov8n.pt,17.467387411399205,83.3,35.7,42.27876663208008,1,1,[6],4,6.0,person,201.0,Turn RIGHT
14.093409061431885,yolov8n.pt,17.50208223796767,97.0,35.7,42.57845878601074,1,1,[6],4,6.0,person,201.0,Turn RIGHT
14.150286674499512,yolov8n.pt,17.377864508885104,87.5,35.7,43.263912200927734,1,1,[6],4,6.0,person,200.0,Turn RIGHT
14.208102703094482,yolov8n.pt,16.958056716828256,87.5,35.7,44.39997673034668,1,1,[6],4,6.0,person,198.0,Turn RIGHT
14.266952991485596,yolov8n.pt,16.457157206645164,90.6,35.7,46.30160331726074,1,1,[6],4,6.0,person,190.0,Turn RIGHT
14.325791120529175,yolov8n.pt,17.84020688716483,96.9,35.7,43.549299240112305,1,1,[6],4,6.0,person,189.0,Turn RIGHT
14.384636402130127,yolov8n.pt,17.19893385820314,90.6,35.7,42.80400276184082,1,1,[6],4,6.0,person,187.0,Turn RIGHT
14.442503213882446,yolov8n.pt,17.244401320577076,83.3,35.7,42.954206466674805,1,1,[6],4,6.0,person,184.0,Turn RIGHT
14.500322341918945,yolov8n.pt,16.652588031174687,87.5,35.7,45.19844055175781,1,1,[6],4,6.0,person,161.0,Turn RIGHT
14.56016230583191,yolov8n.pt,17.111925258047407,84.4,35.7,43.78151893615723,1,1,[6],4,6.0,person,155.0,Turn RIGHT
14.619012355804443,yolov8n.pt,17.08432380471353,84.8,35.7,43.46179962158203,1,1,[6],4,6.0,person,152.0,Turn RIGHT
14.676848411560059,yolov8n.pt,17.35148060200392,83.3,35.7,43.1821346282959,1,1,[6],4,6.0,person,147.0,Turn RIGHT
14.735690832138062,yolov8n.pt,16.6190030905777,90.6,35.7,44.58880424499512,1,1,[6],4,6.0,person,119.0,Turn RIGHT
14.795538902282715,yolov8n.pt,16.88657344966,93.8,35.7,43.9605712890625,1,1,[6],4,6.0,person,116.0,Turn RIGHT
14.854402542114258,yolov8n.pt,17.25135216284359,94.1,35.7,43.07961463928223,1,1,[6],4,6.0,person,111.0,Turn RIGHT
14.91222333908081,yolov8n.pt,16.85678000160759,83.3,35.7,44.56377029418945,1,1,[6],4,6.0,person,106.0,Turn RIGHT
14.972061395645142,yolov8n.pt,16.340595293750972,90.6,35.7,45.922040939331055,1,1,[6],4,6.0,person,85.0,Turn RIGHT
15.032907962799072,yolov8n.pt,17.331476622383835,90.6,35.7,42.78445243835449,1,1,[6],4,6.0,person,79.0,Turn RIGHT
15.09074354171753,yolov8n.pt,17.5838947558179,90.9,35.7,41.8093204498291,1,1,[6],4,6.0,person,77.0,Turn RIGHT
15.147593021392822,yolov8n.pt,17.243550581937928,83.3,35.7,42.9532527923584,1,1,[6],4,6.0,person,75.0,Turn RIGHT
15.205434083938599,yolov8n.pt,17.497263382725937,87.5,35.7,42.281389236450195,1,1,[6],4,6.0,person,70.0,Turn RIGHT
15.262293577194214,yolov8n.pt,17.42384991816286,87.5,35.7,42.79637336730957,1,1,[6],4,6.0,person,68.0,Turn RIGHT
15.318140983581543,yolov8n.pt,18.27902030855051,84.6,35.7,41.6560173034668,1,1,[6],4,6.0,person,67.0,Turn RIGHT
15.374992609024048,yolov8n.pt,17.182024497152923,100.0,35.7,43.013811111450195,1,1,[6],4,6.0,person,66.0,Turn RIGHT
15.432831764221191,yolov8n.pt,17.800306411295626,87.5,35.7,41.335105895996094,1,1,[6],4,6.0,person,66.0,Turn RIGHT
15.488685131072998,yolov8n.pt,18.118569972180463,83.3,35.7,40.68279266357422,1,1,[6],4,6.0,person,66.0,Turn RIGHT
15.544527053833008,yolov8n.pt,17.574463984178262,84.4,35.7,41.76163673400879,1,1,[6],4,6.0,person,65.0,Turn RIGHT
15.601381540298462,yolov8n.pt,17.459461934554657,88.0,35.7,42.16337203979492,1,1,[6],4,6.0,person,65.0,Turn RIGHT
15.65425181388855,yolov8n.pt,18.660343193739404,90.6,35.7,42.88506507873535,1,1,[6],4,6.0,person,66.0,Turn RIGHT
15.712076425552368,yolov8n.pt,17.212767878394903,84.4,35.7,43.17617416381836,1,1,[6],4,6.0,person,67.0,Turn RIGHT
15.770005226135254,yolov8n.pt,17.157845647851946,88.0,35.7,43.50924491882324,1,1,[6],4,6.0,person,69.0,Turn RIGHT
15.828771591186523,yolov8n.pt,17.256462475880145,90.6,35.7,42.691707611083984,1,1,[6],4,6.0,person,70.0,Turn RIGHT
15.886616230010986,yolov8n.pt,17.22075373315104,87.5,35.7,42.922019958496094,1,1,[6],4,6.0,person,74.0,Turn RIGHT
15.944458484649658,yolov8n.pt,17.07361393796304,84.4,35.7,43.64466667175293,1,1,[6],4,6.0,person,76.0,Turn RIGHT
16.0033016204834,yolov8n.pt,17.115346791207088,87.5,35.7,43.17736625671387,1,1,[6],4,6.0,person,76.0,Turn RIGHT
16.061145305633545,yolov8n.pt,17.027727933355525,90.9,35.7,44.13032531738281,1,1,[6],4,6.0,person,77.0,Turn RIGHT
16.118043184280396,yolov8n.pt,17.87594295796858,94.3,35.7,43.15638542175293,1,1,[6],4,6.0,person,79.0,Turn RIGHT
16.175917148590088,yolov8n.pt,16.999294787098655,84.0,35.7,44.112205505371094,1,1,[6],4,6.0,person,88.0,Turn RIGHT
16.23468327522278,yolov8n.pt,16.982637989116352,90.9,35.7,44.24548149108887,1,1,[6],4,6.0,person,95.0,Turn RIGHT
16.29352331161499,yolov8n.pt,16.72123331087519,87.5,35.7,45.19057273864746,1,1,[6],4,6.0,person,94.0,Turn RIGHT
16.35337519645691,yolov8n.pt,16.800064087158535,91.2,35.7,44.86393928527832,1,1,[6],4,6.0,person,95.0,Turn RIGHT
16.41327428817749,yolov8n.pt,16.058378734336177,84.4,35.7,47.252655029296875,1,1,[6],4,6.0,person,97.0,Turn RIGHT
16.475044012069702,yolov8n.pt,16.272192241590012,84.4,35.7,46.91672325134277,1,1,[6],4,6.0,person,94.0,Turn RIGHT
16.536877393722534,yolov8n.pt,16.355569420343542,84.4,35.7,46.23055458068848,1,1,[6],4,6.0,person,90.0,Turn RIGHT
16.59771180152893,yolov8n.pt,15.699595747866447,90.9,35.7,49.10898208618164,1,1,[6],4,6.0,person,117.0,Turn RIGHT
16.661547899246216,yolov8n.pt,17.19674786081238,83.3,35.7,43.39933395385742,2,2,"[6, 9]",5,9.0,person,99.0,Turn RIGHT
16.720388412475586,yolov8n.pt,17.74780813107207,90.6,35.7,40.90762138366699,2,2,"[6, 9]",5,9.0,person,113.0,Turn RIGHT
16.77625823020935,yolov8n.pt,17.97145513674712,93.9,35.7,40.69876670837402,2,2,"[6, 9]",5,9.0,person,105.0,Turn RIGHT
16.832087516784668,yolov8n.pt,17.472335391203647,92.0,35.7,42.085886001586914,2,2,"[6, 9]",5,9.0,person,105.0,Turn RIGHT
16.88694167137146,yolov8n.pt,18.925058769915218,87.5,35.7,40.070533752441406,2,2,"[6, 9]",5,9.0,person,116.0,Turn RIGHT
16.94179129600525,yolov8n.pt,17.847722388885344,88.0,35.7,41.27097129821777,2,2,"[6, 9]",5,9.0,person,121.0,Turn RIGHT
16.997645616531372,yolov8n.pt,18.15205245277303,87.1,35.7,40.485382080078125,2,2,"[6, 9]",5,6.0,person,124.0,Turn RIGHT
17.053519010543823,yolov8n.pt,17.47677640597851,88.0,35.7,41.83316230773926,2,2,"[6, 9]",5,6.0,person,108.0,Turn RIGHT
17.11034083366394,yolov8n.pt,18.19907319020428,93.8,35.7,39.97683525085449,2,2,"[6, 9]",5,6.0,person,95.0,Turn RIGHT
17.165202617645264,yolov8n.pt,18.172815542393664,84.0,35.7,40.125131607055664,2,2,"[6, 9]",5,6.0,person,91.0,Turn RIGHT
17.22005605697632,yolov8n.pt,18.40050889468951,87.5,35.7,39.615631103515625,2,2,"[6, 9]",5,6.0,person,109.0,Turn RIGHT
17.274903059005737,yolov8n.pt,17.484353180012423,87.5,35.7,41.98455810546875,1,1,[6],5,6.0,person,116.0,Turn RIGHT
17.33174991607666,yolov8n.pt,17.941934628332856,96.0,35.7,40.84205627441406,2,2,"[6, 9]",5,6.0,person,121.0,Turn RIGHT
17.387606620788574,yolov8n.pt,17.70906711140197,90.6,35.7,41.46432876586914,2,2,"[6, 9]",5,6.0,person,124.0,Turn RIGHT
17.44444727897644,yolov8n.pt,17.63817037220823,91.7,35.7,41.338443756103516,2,2,"[6, 9]",5,6.0,person,127.0,Turn RIGHT
17.500303983688354,yolov8n.pt,17.917408187414296,87.5,35.7,41.27073287963867,2,2,"[6, 9]",5,6.0,person,125.0,Turn RIGHT
17.556155920028687,yolov8n.pt,17.881353836709113,83.3,35.7,41.34845733642578,2,2,"[6, 9]",5,6.0,person,127.0,Turn RIGHT
17.613045930862427,yolov8n.pt,17.70839420064681,90.9,35.7,40.944576263427734,1,1,[6],5,6.0,person,128.0,Turn RIGHT
17.668876886367798,yolov8n.pt,17.786266469338514,87.5,35.7,41.31031036376953,2,2,"[6, 9]",5,6.0,person,126.0,Turn RIGHT
17.725698232650757,yolov8n.pt,17.354352341467855,83.3,35.7,42.120933532714844,1,1,[9],5,9.0,person,130.0,Turn RIGHT
17.78255033493042,yolov8n.pt,17.574979468012,87.9,35.7,42.18792915344238,2,2,"[9, 6]",5,6.0,person,125.0,Turn RIGHT
17.839422464370728,yolov8n.pt,17.41733800641164,90.6,35.7,42.68074035644531,1,1,[9],5,9.0,person,125.0,Turn RIGHT
17.897427082061768,yolov8n.pt,17.5765997569459,83.3,35.7,41.59832000732422,1,1,[9],5,9.0,person,113.0,Turn RIGHT
17.954088926315308,yolov8n.pt,17.295671034943464,87.5,35.7,42.74892807006836,1,1,[9],5,9.0,person,112.0,Turn RIGHT
18.011933088302612,yolov8n.pt,17.764646088164536,87.5,35.7,41.203975677490234,1,1,[9],5,9.0,person,104.0,Turn RIGHT
18.067781686782837,yolov8n.pt,17.956221503949312,87.5,35.7,41.042327880859375,1,1,[9],5,9.0,person,113.0,Turn RIGHT
18.123632192611694,yolov8n.pt,17.98193362515059,97.0,35.7,40.82226753234863,2,2,"[9, 6]",5,6.0,person,84.0,Turn RIGHT
18.17949080467224,yolov8n.pt,17.695319981943136,83.3,35.7,41.4586067199707,2,2,"[9, 6]",5,6.0,person,91.0,Turn RIGHT
18.23633623123169,yolov8n.pt,17.681146957031267,87.5,35.7,41.16320610046387,2,2,"[9, 6]",5,6.0,person,86.0,Turn RIGHT
18.292180061340332,yolov8n.pt,17.372682049943876,87.9,35.7,42.90652275085449,2,2,"[9, 6]",5,6.0,person,85.0,Turn RIGHT
18.350028038024902,yolov8n.pt,17.473645619823692,87.5,35.7,42.269229888916016,2,2,"[9, 6]",5,6.0,person,105.0,Turn RIGHT
18.40692901611328,yolov8n.pt,17.796303525058978,87.9,35.7,41.54777526855469,2,2,"[9, 6]",5,6.0,person,122.0,Turn RIGHT
18.4637291431427,yolov8n.pt,17.395666744085737,84.4,35.7,42.26374626159668,3,3,"[9, 6, 11]",6,11.0,person,116.0,Turn RIGHT
18.51857900619507,yolov8n.pt,18.280533993488522,88.0,35.7,42.09446907043457,3,3,"[9, 6, 11]",6,11.0,person,106.0,Turn RIGHT
18.57642412185669,yolov8n.pt,16.702123253850687,93.8,35.7,44.1279411315918,2,2,"[9, 6]",6,9.0,person,133.0,Turn RIGHT
18.635263919830322,yolov8n.pt,17.483259970654927,84.4,35.7,42.502403259277344,2,2,"[9, 6]",6,9.0,person,133.0,Turn RIGHT
18.693140745162964,yolov8n.pt,17.233914740626606,87.5,35.7,42.63162612915039,2,2,"[9, 6]",6,6.0,person,119.0,Turn RIGHT
18.75095534324646,yolov8n.pt,17.27408786329996,96.9,35.7,42.70219802856445,2,2,"[9, 6]",6,6.0,person,130.0,Turn RIGHT
18.808801889419556,yolov8n.pt,16.988071949031376,91.2,35.7,43.72715950012207,2,2,"[9, 6]",6,9.0,person,133.0,Turn RIGHT
18.8676495552063,yolov8n.pt,17.59776456619242,91.7,35.7,41.69893264770508,2,2,"[9, 6]",6,9.0,person,133.0,Turn RIGHT
18.924498081207275,yolov8n.pt,17.649897533653988,87.5,35.7,41.51272773742676,2,2,"[9, 6]",6,9.0,person,132.0,Turn RIGHT
18.981345891952515,yolov8n.pt,17.415023832854462,84.8,35.7,42.10329055786133,2,2,"[9, 6]",6,9.0,person,132.0,Turn RIGHT
19.038190603256226,yolov8n.pt,17.153214460984785,83.3,35.7,43.541669845581055,2,2,"[9, 6]",6,9.0,person,132.0,Turn RIGHT
19.097240924835205,yolov8n.pt,17.659706871797464,90.6,35.7,41.107892990112305,2,2,"[9, 6]",6,9.0,person,133.0,Turn RIGHT
19.15289807319641,yolov8n.pt,17.77496005797421,84.4,35.7,41.718482971191406,2,2,"[9, 6]",6,6.0,person,138.0,Turn RIGHT
19.209752798080444,yolov8n.pt,17.828831815824596,87.5,35.7,40.949106216430664,2,2,"[9, 6]",6,6.0,person,135.0,Turn RIGHT
19.265583276748657,yolov8n.pt,17.698082635700782,87.5,35.7,41.62454605102539,1,1,[6],6,6.0,person,135.0,Turn RIGHT
19.317450284957886,yolov8n.pt,19.117243013869707,83.3,35.7,42.083740234375,2,2,"[6, 9]",6,6.0,person,135.0,Turn RIGHT
19.374287128448486,yolov8n.pt,17.987177452901797,93.8,35.7,40.82632064819336,2,2,"[6, 9]",6,6.0,person,134.0,Turn RIGHT
19.430174350738525,yolov8n.pt,17.585737885000796,88.5,35.7,41.80121421813965,2,2,"[6, 9]",6,6.0,person,137.0,Turn RIGHT
19.48698663711548,yolov8n.pt,17.583452462301445,91.2,35.7,41.878700256347656,1,1,[6],6,6.0,person,137.0,Turn RIGHT
19.54184865951538,yolov8n.pt,18.56963106933665,90.3,35.7,40.848731994628906,2,2,"[6, 9]",6,9.0,person,128.0,Turn RIGHT
19.59769916534424,yolov8n.pt,17.808771266861697,92.3,35.7,41.150569915771484,2,2,"[6, 9]",6,9.0,person,130.0,Turn RIGHT
19.653549909591675,yolov8n.pt,18.137295516166276,84.4,35.7,40.4515266418457,2,2,"[6, 9]",6,9.0,person,133.0,Turn RIGHT
19.709389448165894,yolov8n.pt,17.928436782690095,83.3,35.7,40.36355018615723,2,2,"[6, 9]",6,9.0,person,129.0,Turn RIGHT
19.76425576210022,yolov8n.pt,17.66037608737758,87.5,35.7,42.13213920593262,2,2,"[6, 9]",6,6.0,person,124.0,Turn RIGHT
19.821101665496826,yolov8n.pt,17.358877259201318,93.9,35.7,42.910099029541016,2,2,"[6, 9]",6,6.0,person,120.0,Turn RIGHT
19.878939628601074,yolov8n.pt,17.61528058931736,91.7,35.7,41.806697845458984,2,2,"[6, 9]",6,9.0,person,117.0,Turn RIGHT
19.935791015625,yolov8n.pt,17.46505991988474,87.9,35.7,42.227745056152344,1,1,[6],6,6.0,person,122.0,Turn RIGHT
19.990641117095947,yolov8n.pt,18.574400715642728,83.3,35.7,41.233062744140625,1,1,[6],6,6.0,person,112.0,Turn RIGHT
20.046512126922607,yolov8n.pt,17.419001698582576,97.0,35.7,42.75703430175781,2,2,"[6, 9]",6,6.0,person,109.0,Turn RIGHT
20.104344606399536,yolov8n.pt,17.48296847124731,91.2,35.7,42.08803176879883,2,2,"[6, 9]",6,6.0,person,106.0,Turn RIGHT
20.161184549331665,yolov8n.pt,17.3947288750648,87.5,35.7,42.78922080993652,2,2,"[6, 9]",6,9.0,person,117.0,Turn RIGHT
20.219035863876343,yolov8n.pt,17.20380146102764,90.9,35.7,43.04099082946777,2,2,"[6, 9]",6,9.0,person,117.0,Turn RIGHT
20.276880741119385,yolov8n.pt,17.242132870726262,84.4,35.7,43.20025444030762,2,2,"[6, 9]",6,9.0,person,117.0,Turn RIGHT
20.334745168685913,yolov8n.pt,17.382978017970228,87.5,35.7,42.8617000579834,2,2,"[6, 9]",6,9.0,person,117.0,Turn RIGHT
20.39057183265686,yolov8n.pt,18.26167068678759,90.6,35.7,41.79072380065918,2,2,"[6, 9]",6,9.0,person,118.0,Turn RIGHT
20.447587728500366,yolov8n.pt,17.08140159968723,87.5,35.7,43.32256317138672,2,2,"[6, 9]",6,9.0,person,118.0,Turn RIGHT
20.506324529647827,yolov8n.pt,17.222733674697064,83.3,35.7,42.6478385925293,2,2,"[6, 9]",6,9.0,person,116.0,Turn RIGHT
20.564125061035156,yolov8n.pt,17.719765781446714,90.6,35.7,41.28313064575195,2,2,"[6, 9]",6,9.0,person,115.0,Turn RIGHT
20.619964599609375,yolov8n.pt,17.62431087804222,90.9,35.7,42.18006134033203,2,2,"[6, 9]",6,9.0,person,114.0,Turn RIGHT
20.67683720588684,yolov8n.pt,17.506976821841647,83.3,35.7,42.44709014892578,2,2,"[6, 9]",6,9.0,person,114.0,Turn RIGHT
20.734654188156128,yolov8n.pt,17.205848087557225,90.6,35.7,42.726755142211914,2,2,"[6, 9]",6,9.0,person,117.0,Turn RIGHT
20.79050350189209,yolov8n.pt,18.23816605355388,93.9,35.7,41.70107841491699,2,2,"[6, 9]",6,9.0,person,118.0,Turn RIGHT
20.84739661216736,yolov8n.pt,17.386508814909696,88.0,35.7,42.35267639160156,2,2,"[6, 9]",6,9.0,person,118.0,Turn RIGHT
20.904200553894043,yolov8n.pt,17.50405435295198,84.4,35.7,42.65713691711426,2,2,"[6, 9]",6,6.0,person,118.0,Turn RIGHT
20.962043285369873,yolov8n.pt,17.432105333156006,87.5,35.7,42.18339920043945,2,2,"[6, 9]",6,6.0,person,119.0,Turn RIGHT
21.01889729499817,yolov8n.pt,17.43326461395225,87.9,35.7,42.70339012145996,2,2,"[6, 9]",6,6.0,person,119.0,Turn RIGHT
21.076738834381104,yolov8n.pt,16.975008802567515,90.9,35.7,43.758392333984375,2,2,"[6, 9]",6,9.0,person,126.0,Turn RIGHT
21.135581016540527,yolov8n.pt,17.339429667540326,87.5,35.7,42.5870418548584,2,2,"[6, 9]",6,9.0,person,114.0,Turn RIGHT
21.18944263458252,yolov8n.pt,18.845299126097995,87.5,35.7,41.79954528808594,2,2,"[6, 9]",6,9.0,person,107.0,Turn RIGHT
21.24630570411682,yolov8n.pt,16.684251351469612,87.5,35.7,44.775962829589844,1,1,[6],6,6.0,person,106.0,Turn RIGHT
21.30614924430847,yolov8n.pt,17.15300401189254,84.8,35.7,43.32470893859863,1,1,[6],6,6.0,person,98.0,Turn RIGHT
21.364017248153687,yolov8n.pt,17.284837095830344,92.0,35.7,43.323516845703125,0,0,[],6,,,,No target
21.419825077056885,yolov8n.pt,17.168802036856626,93.8,35.7,45.72892189025879,2,1,"[9, 6]",6,9.0,remote,92.0,Turn RIGHT
21.478665351867676,yolov8n.pt,17.888217406695013,87.5,35.7,42.807817459106445,2,1,"[9, 6]",6,9.0,cell phone,89.0,Turn RIGHT
21.53651237487793,yolov8n.pt,17.479835466407724,88.0,35.7,42.18316078186035,2,1,"[9, 6]",6,9.0,cell phone,88.0,Turn RIGHT
21.590363264083862,yolov8n.pt,18.799939041335353,97.0,35.7,41.50867462158203,2,1,"[9, 6]",6,9.0,cell phone,88.0,Turn RIGHT
21.647293090820312,yolov8n.pt,17.766075777791897,83.3,35.7,40.86589813232422,2,1,"[9, 6]",6,9.0,cell phone,89.0,Turn RIGHT
21.70306158065796,yolov8n.pt,17.485883902813214,87.5,35.7,42.30380058288574,2,1,"[9, 6]",6,9.0,remote,78.0,Turn RIGHT
21.76092028617859,yolov8n.pt,17.467460155504934,84.4,35.7,41.67318344116211,2,1,"[9, 6]",6,9.0,remote,71.0,Turn RIGHT
21.813952922821045,yolov8n.pt,18.8722637425927,87.5,35.7,41.63193702697754,2,1,"[9, 6]",6,9.0,remote,66.0,Turn RIGHT
21.870627403259277,yolov8n.pt,17.597912234991043,93.8,35.7,41.80192947387695,2,1,"[9, 6]",6,9.0,remote,62.0,Turn RIGHT
21.92746090888977,yolov8n.pt,16.663305642627,87.5,35.7,44.96455192565918,2,1,"[9, 6]",6,9.0,remote,55.0,Turn RIGHT
21.987305641174316,yolov8n.pt,17.81285541375576,87.5,35.7,41.25666618347168,2,1,"[9, 6]",6,9.0,cell phone,50.0,Turn RIGHT
22.04314947128296,yolov8n.pt,18.162349415850414,90.6,35.7,40.49038887023926,2,1,"[9, 6]",6,9.0,cell phone,46.0,Turn RIGHT
22.099003791809082,yolov8n.pt,17.91771435406494,96.2,35.7,40.42696952819824,2,1,"[9, 6]",6,9.0,cell phone,44.0,Turn RIGHT
22.154855728149414,yolov8n.pt,17.380817013235646,93.8,35.7,42.10829734802246,2,1,"[9, 6]",6,9.0,remote,38.0,CENTERED
22.212732553482056,yolov8n.pt,17.042880419986755,84.8,35.7,42.92607307434082,2,1,"[9, 6]",6,9.0,remote,35.0,CENTERED
22.270551681518555,yolov8n.pt,16.758647418660125,83.3,35.7,44.75665092468262,3,1,"[9, 6, 21]",7,9.0,remote,33.0,CENTERED
22.33039617538452,yolov8n.pt,17.20486000016408,93.9,35.7,43.03789138793945,3,1,"[9, 6, 21]",7,9.0,remote,32.0,CENTERED
22.38822841644287,yolov8n.pt,17.129466345937868,90.6,35.7,43.578386306762695,3,1,"[9, 6, 21]",7,9.0,cell phone,29.0,CENTERED
22.447077989578247,yolov8n.pt,17.41733800641164,84.4,35.7,42.154788970947266,1,1,[6],7,6.0,person,88.0,Turn RIGHT
22.503918409347534,yolov8n.pt,16.972261226009298,87.5,35.7,44.245004653930664,2,1,"[6, 9]",7,9.0,cell phone,28.0,CENTERED
22.56279158592224,yolov8n.pt,17.25341011929247,93.8,35.7,43.31254959106445,2,1,"[6, 9]",7,9.0,skateboard,29.0,CENTERED
22.621611833572388,yolov8n.pt,16.723700159489635,93.9,35.7,44.30055618286133,3,1,"[6, 9, 22]",8,9.0,cell phone,28.0,CENTERED
22.67845869064331,yolov8n.pt,17.968606484337514,88.0,35.7,43.09988021850586,4,1,"[6, 9, 22, 24]",9,9.0,skateboard,28.0,CENTERED
22.736313581466675,yolov8n.pt,17.402740089787315,93.8,35.7,42.71888732910156,4,1,"[6, 9, 22, 24]",9,9.0,remote,29.0,CENTERED
22.794166803359985,yolov8n.pt,16.941549025547815,87.9,35.7,43.87640953063965,4,1,"[6, 9, 22, 24]",9,9.0,remote,29.0,CENTERED
22.853018760681152,yolov8n.pt,17.099995515347704,93.9,35.7,43.49470138549805,5,2,"[6, 9, 22, 24, 25]",10,9.0,skateboard,28.0,CENTERED
22.911828756332397,yolov8n.pt,16.698864925768294,83.3,35.7,44.58117485046387,2,2,"[6, 25]",10,6.0,person,90.0,Turn RIGHT
22.97167134284973,yolov8n.pt,17.11520711000845,87.5,35.7,43.174028396606445,3,2,"[6, 25, 9]",10,9.0,cell phone,28.0,CENTERED
23.029521942138672,yolov8n.pt,17.25312623403975,84.4,35.7,43.25127601623535,3,2,"[6, 25, 9]",10,9.0,cell phone,28.0,CENTERED
23.088361740112305,yolov8n.pt,16.963749388273456,87.5,35.7,43.39456558227539,3,2,"[6, 25, 9]",10,9.0,cell phone,28.0,CENTERED
23.147306203842163,yolov8n.pt,17.16564010427964,87.5,35.7,42.69766807556152,3,2,"[6, 25, 9]",10,9.0,cell phone,29.0,CENTERED
23.205044984817505,yolov8n.pt,17.592523928963903,87.5,35.7,41.81337356567383,3,2,"[6, 25, 9]",10,9.0,cell phone,29.0,CENTERED
23.261891841888428,yolov8n.pt,17.292747385042897,84.4,35.7,42.77682304382324,3,2,"[6, 25, 9]",10,9.0,cell phone,29.0,CENTERED
23.317752361297607,yolov8n.pt,17.901349119295265,87.5,35.7,42.78731346130371,3,2,"[6, 25, 9]",10,9.0,cell phone,29.0,CENTERED
23.375614881515503,yolov8n.pt,14.861929430440298,97.6,35.8,52.20460891723633,3,2,"[6, 25, 9]",10,9.0,cell phone,29.0,CENTERED
23.443413496017456,yolov8n.pt,16.60676417253312,92.0,35.8,44.63791847229004,4,2,"[6, 25, 9, 28]",11,9.0,cell phone,29.0,CENTERED
23.503260850906372,yolov8n.pt,17.250926440043596,87.5,35.7,42.725563049316406,2,2,"[6, 25]",11,6.0,person,89.0,Turn RIGHT
23.5610933303833,yolov8n.pt,17.080705983922332,90.6,35.7,43.46799850463867,3,2,"[6, 25, 9]",11,9.0,cell phone,28.0,CENTERED
23.61994171142578,yolov8n.pt,17.571518942266202,90.9,35.7,41.51749610900879,3,2,"[6, 25, 9]",11,9.0,cell phone,28.0,CENTERED
23.676788330078125,yolov8n.pt,17.00701478375814,83.3,35.7,43.480873107910156,3,2,"[6, 25, 9]",11,9.0,cell phone,27.0,CENTERED
23.73563051223755,yolov8n.pt,17.59739540503801,90.6,35.7,41.44930839538574,4,3,"[6, 25, 9, 31]",12,9.0,cell phone,27.0,CENTERED
23.792476654052734,yolov8n.pt,17.066736111393684,84.4,35.7,43.21026802062988,4,3,"[6, 25, 9, 31]",12,9.0,cell phone,27.0,CENTERED
23.8513240814209,yolov8n.pt,16.989172921366976,83.3,35.7,43.221235275268555,4,3,"[6, 25, 9, 31]",12,9.0,cell phone,27.0,CENTERED
23.910163640975952,yolov8n.pt,17.29688356997637,87.5,35.7,42.2053337097168,4,3,"[6, 25, 9, 31]",12,9.0,cell phone,28.0,CENTERED
23.96800923347473,yolov8n.pt,17.35327532778102,90.6,35.7,41.951894760131836,4,3,"[6, 25, 9, 31]",12,9.0,cell phone,28.0,CENTERED
24.02286171913147,yolov8n.pt,18.17927435538469,83.3,35.7,42.133331298828125,5,3,"[6, 25, 9, 31, 33]",13,9.0,cell phone,28.0,CENTERED
24.080708265304565,yolov8n.pt,17.009428720897695,97.1,35.7,43.0753231048584,5,3,"[6, 25, 9, 31, 33]",13,33.0,cell phone,29.0,CENTERED
24.139548301696777,yolov8n.pt,17.099437806016578,93.8,35.7,42.72150993347168,1,1,[6],13,6.0,person,93.0,Turn RIGHT
24.197391510009766,yolov8n.pt,17.200626625001025,87.9,35.7,43.00260543823242,4,3,"[6, 25, 9, 31]",13,9.0,cell phone,30.0,CENTERED
24.256232261657715,yolov8n.pt,16.651133616257695,83.3,35.7,44.225215911865234,5,3,"[6, 35, 25, 9, 31]",14,9.0,cell phone,32.0,CENTERED
24.316092014312744,yolov8n.pt,16.963269135882356,90.9,35.7,43.309926986694336,3,1,"[6, 35, 9]",14,9.0,cell phone,33.0,CENTERED
24.374919891357422,yolov8n.pt,17.352054873861277,91.2,35.7,42.12164878845215,4,2,"[6, 35, 9, 25]",14,35.0,remote,34.0,CENTERED
24.43278169631958,yolov8n.pt,17.373689508195362,84.4,35.7,41.806936264038086,3,1,"[6, 35, 9]",14,35.0,skateboard,35.0,CENTERED
24.485621213912964,yolov8n.pt,18.648147324802817,92.0,35.7,42.611122131347656,4,2,"[6, 35, 9, 25]",14,9.0,cell phone,35.0,CENTERED
24.54346990585327,yolov8n.pt,16.6629084480464,90.6,35.7,44.76284980773926,3,1,"[6, 35, 9]",14,35.0,remote,39.0,CENTERED
24.603310108184814,yolov8n.pt,17.22973783448491,84.8,35.7,42.95825958251953,3,1,"[6, 35, 9]",14,35.0,remote,40.0,CENTERED
24.66118359565735,yolov8n.pt,17.202390278113864,83.3,35.7,43.21622848510742,3,1,"[6, 35, 9]",14,35.0,remote,41.0,Turn RIGHT
24.7199969291687,yolov8n.pt,17.01653657032505,93.8,35.7,43.1363582611084,2,1,"[6, 9]",14,9.0,remote,42.0,Turn RIGHT
24.773850440979004,yolov8n.pt,19.004807496250514,91.7,35.7,41.93830490112305,3,2,"[6, 9, 25]",14,9.0,remote,43.0,Turn RIGHT
24.83078694343567,yolov8n.pt,17.230020950581277,90.6,35.7,43.05529594421387,4,2,"[6, 9, 37, 25]",15,37.0,cell phone,43.0,Turn RIGHT
24.88655138015747,yolov8n.pt,17.842711351038623,87.5,35.7,43.276071548461914,5,2,"[6, 9, 37, 25, 38]",16,38.0,remote,44.0,Turn RIGHT
24.945395946502686,yolov8n.pt,17.517213152410427,83.3,35.7,41.57376289367676,5,2,"[6, 9, 37, 25, 38]",16,9.0,cell phone,45.0,Turn RIGHT
25.00226902961731,yolov8n.pt,17.020887018557673,87.5,35.7,43.441057205200195,3,1,"[6, 9, 37]",16,37.0,skateboard,45.0,Turn RIGHT
25.06108808517456,yolov8n.pt,17.255539556506356,90.6,35.7,42.58894920349121,3,1,"[6, 9, 37]",16,37.0,skateboard,46.0,Turn RIGHT
25.118930339813232,yolov8n.pt,17.267047606501226,93.9,35.7,42.639732360839844,4,1,"[6, 9, 37, 39]",17,37.0,skateboard,45.0,Turn RIGHT
25.174780130386353,yolov8n.pt,18.110746485198106,87.5,35.7,42.01102256774902,2,1,"[6, 9]",17,9.0,cell phone,48.0,Turn RIGHT
25.2316255569458,yolov8n.pt,17.596952432096796,84.8,35.7,41.99504852294922,2,1,"[6, 9]",17,9.0,skateboard,47.0,Turn RIGHT
25.28649115562439,yolov8n.pt,17.189488696906608,87.5,35.7,45.316219329833984,3,1,"[6, 9, 41]",18,41.0,skateboard,48.0,Turn RIGHT
25.34733271598816,yolov8n.pt,17.274016720892877,90.6,35.7,42.34814643859863,3,1,"[6, 9, 41]",18,9.0,cell phone,51.0,Turn RIGHT
25.405184268951416,yolov8n.pt,16.63495387446557,90.9,35.7,44.612884521484375,1,1,[6],18,6.0,person,91.0,Turn RIGHT
25.46501326560974,yolov8n.pt,15.116297676497194,91.2,35.7,50.955772399902344,1,1,[6],18,6.0,person,99.0,Turn RIGHT
25.53084397315979,yolov8n.pt,16.853596499334987,90.6,35.7,44.44146156311035,1,1,[6],18,6.0,person,110.0,Turn RIGHT
25.58966851234436,yolov8n.pt,16.99151296147006,90.6,35.7,44.47054862976074,1,1,[6],18,6.0,person,128.0,Turn RIGHT
25.648516416549683,yolov8n.pt,17.618906396367258,83.3,35.7,42.39392280578613,1,1,[6],18,6.0,person,136.0,Turn RIGHT
25.70535659790039,yolov8n.pt,16.898683738713874,87.5,35.7,44.71707344055176,1,1,[6],18,6.0,person,137.0,Turn RIGHT
25.765215158462524,yolov8n.pt,17.689051211869447,87.5,35.7,41.40782356262207,1,1,[6],18,6.0,person,137.0,Turn RIGHT
25.8210608959198,yolov8n.pt,17.98270458452845,87.5,35.7,41.14794731140137,1,1,[6],18,6.0,person,137.0,Turn RIGHT
25.87690544128418,yolov8n.pt,17.71864293650224,93.8,35.7,41.747093200683594,1,1,[6],18,6.0,person,135.0,Turn RIGHT
25.933751106262207,yolov8n.pt,17.499161402835377,90.6,35.7,42.049407958984375,1,1,[6],18,6.0,person,129.0,Turn RIGHT
25.9905948638916,yolov8n.pt,17.68159417907113,83.3,35.7,41.771888732910156,1,1,[6],18,6.0,person,128.0,Turn RIGHT
26.04744577407837,yolov8n.pt,17.500694719712932,97.0,35.7,42.04225540161133,1,1,[6],18,6.0,person,125.0,Turn RIGHT
26.10429358482361,yolov8n.pt,17.59717391577967,93.9,35.7,42.02532768249512,1,1,[6],18,6.0,person,119.0,Turn RIGHT
26.161141395568848,yolov8n.pt,17.644403124776517,83.3,35.7,41.85819625854492,1,1,[6],18,6.0,person,122.0,Turn RIGHT
26.21401572227478,yolov8n.pt,19.199062545774133,93.5,35.7,41.08595848083496,1,1,[6],18,6.0,person,112.0,Turn RIGHT
26.269855260849,yolov8n.pt,17.515311214582507,84.0,35.7,42.31381416320801,1,1,[6],18,6.0,person,106.0,Turn RIGHT
26.32669711112976,yolov8n.pt,17.73602554073197,90.9,35.7,41.87321662902832,1,1,[6],18,6.0,person,105.0,Turn RIGHT
26.383549213409424,yolov8n.pt,17.18322114931604,87.5,35.7,43.20955276489258,1,1,[6],18,6.0,person,99.0,Turn RIGHT
26.458399772644043,yolov8n.pt,13.448799507490252,81.2,35.7,42.72723197937012,1,1,[6],18,6.0,person,92.0,Turn RIGHT
26.516196966171265,yolov8n.pt,17.14087684310328,87.5,35.7,43.24936866760254,1,1,[6],18,6.0,person,90.0,Turn RIGHT
26.57403826713562,yolov8n.pt,17.67682497671498,87.5,35.7,41.99719429016113,1,1,[6],18,6.0,person,90.0,Turn RIGHT
26.63088893890381,yolov8n.pt,16.936486721125465,92.0,35.7,44.17705535888672,1,1,[6],18,6.0,person,86.0,Turn RIGHT
26.68972611427307,yolov8n.pt,17.44951075018305,87.5,35.7,42.661428451538086,1,1,[6],18,6.0,person,87.0,Turn RIGHT
26.747578382492065,yolov8n.pt,17.083558368666935,87.5,35.7,43.328046798706055,1,1,[6],18,6.0,person,85.0,Turn RIGHT
26.80542230606079,yolov8n.pt,17.24702495990789,87.9,35.7,43.454885482788086,1,1,[6],18,6.0,person,88.0,Turn RIGHT
26.86426830291748,yolov8n.pt,17.39978013316463,83.3,35.7,42.09756851196289,1,1,[6],18,6.0,person,88.0,Turn RIGHT
26.919126510620117,yolov8n.pt,17.389031691016733,90.6,35.7,44.75522041320801,1,1,[6],18,6.0,person,89.0,Turn RIGHT
26.978959798812866,yolov8n.pt,17.511362355387256,84.4,35.7,42.01364517211914,1,1,[6],18,6.0,person,80.0,Turn RIGHT
27.035807847976685,yolov8n.pt,17.42573204373982,83.3,35.7,42.56749153137207,1,1,[6],18,6.0,person,71.0,Turn RIGHT
27.093644380569458,yolov8n.pt,14.410395071823432,97.5,35.7,54.11386489868164,1,1,[6],18,6.0,person,79.0,Turn RIGHT
27.1635320186615,yolov8n.pt,16.32348831869359,87.5,35.7,45.5021858215332,1,1,[6],18,6.0,person,81.0,Turn RIGHT
27.224324941635132,yolov8n.pt,16.160966042853897,87.5,35.7,46.57316207885742,1,1,[6],18,6.0,person,81.0,Turn RIGHT
27.285144805908203,yolov8n.pt,16.59007989874219,87.5,35.7,46.0352897644043,1,1,[6],18,6.0,person,79.0,Turn RIGHT
27.346018075942993,yolov8n.pt,16.36974042142977,97.1,35.7,46.24509811401367,1,1,[6],18,6.0,person,76.0,Turn RIGHT
27.40680980682373,yolov8n.pt,17.580430718674815,97.0,35.7,42.319536209106445,1,1,[6],18,6.0,person,73.0,Turn RIGHT
27.463676929473877,yolov8n.pt,17.22223864662889,93.8,35.7,43.52545738220215,1,1,[6],18,6.0,person,74.0,Turn RIGHT
27.521507024765015,yolov8n.pt,14.03791367676984,93.9,35.7,56.92863464355469,1,1,[6],18,6.0,person,76.0,Turn RIGHT
27.59336233139038,yolov8n.pt,13.746813454775475,100.0,35.7,57.819366455078125,1,1,[6],18,6.0,person,77.0,Turn RIGHT
27.666243314743042,yolov8n.pt,14.676893790941156,96.9,35.7,53.072452545166016,1,1,[6],18,6.0,person,81.0,Turn RIGHT
27.73494839668274,yolov8n.pt,15.451991408814438,100.0,35.7,49.08585548400879,1,1,[6],18,6.0,person,81.0,Turn RIGHT
27.79878067970276,yolov8n.pt,15.313994457568267,100.0,35.7,50.546884536743164,1,1,[6],18,6.0,person,80.0,Turn RIGHT
27.864667177200317,yolov8n.pt,16.23892801418577,96.8,35.7,46.24605178833008,1,1,[6],18,6.0,person,82.0,Turn RIGHT
27.925451040267944,yolov8n.pt,16.09010419064279,87.9,35.7,47.617197036743164,1,1,[6],18,6.0,person,82.0,Turn RIGHT
27.98826289176941,yolov8n.pt,16.167693938517875,95.8,35.7,46.645164489746094,1,1,[6],18,6.0,person,82.0,Turn RIGHT
28.05013132095337,yolov8n.pt,15.077119953988282,95.2,35.7,51.114797592163086,1,1,[6],18,6.0,person,82.0,Turn RIGHT
28.11593770980835,yolov8n.pt,15.087858643414199,93.8,35.7,51.58686637878418,1,1,[6],18,6.0,person,82.0,Turn RIGHT
28.182742595672607,yolov8n.pt,16.622757338807798,87.5,35.7,44.94118690490723,1,1,[6],18,6.0,person,82.0,Turn RIGHT
28.242679357528687,yolov8n.pt,14.032277922008404,90.6,35.7,56.265830993652344,1,1,[6],18,6.0,person,82.0,Turn RIGHT
28.315397262573242,yolov8n.pt,12.893966036668592,100.0,35.7,61.0966682434082,1,1,[6],18,6.0,person,81.0,Turn RIGHT
28.391184091567993,yolov8n.pt,15.919353859233619,93.8,35.7,48.137664794921875,1,1,[6],18,6.0,person,81.0,Turn RIGHT
28.454020023345947,yolov8n.pt,16.1371520029548,90.6,35.7,47.27602005004883,1,1,[6],18,6.0,person,81.0,Turn RIGHT
28.51585817337036,yolov8n.pt,13.113018902137824,97.6,35.7,61.68508529663086,1,1,[6],18,6.0,person,81.0,Turn RIGHT
28.59272313117981,yolov8n.pt,13.22669492193536,97.6,35.7,60.43386459350586,1,1,[6],18,6.0,person,79.0,Turn RIGHT
28.668519258499146,yolov8n.pt,13.013502779984114,97.6,35.7,61.289072036743164,1,1,[6],18,6.0,person,78.0,Turn RIGHT
28.742337703704834,yolov8n.pt,12.885172373538465,100.0,35.7,65.26470184326172,1,1,[6],18,6.0,person,77.0,Turn RIGHT
28.82312798500061,yolov8n.pt,8.21302984791135,98.5,35.7,106.23478889465332,1,1,[6],18,6.0,person,78.0,Turn RIGHT
28.945723295211792,yolov8n.pt,12.4558745356113,90.5,35.7,63.90953063964844,1,1,[6],18,6.0,person,81.0,Turn RIGHT
29.025506734848022,yolov8n.pt,14.929536555848223,93.8,35.7,51.11980438232422,1,1,[6],18,6.0,person,82.0,Turn RIGHT
29.091314792633057,yolov8n.pt,15.791628859613784,87.5,35.7,48.63929748535156,1,1,[6],18,6.0,person,81.0,Turn RIGHT
29.155264139175415,yolov8n.pt,15.456489854880196,90.6,35.7,49.39007759094238,1,1,[6],18,6.0,person,82.0,Turn RIGHT
29.219971418380737,yolov8n.pt,15.04240546278763,95.1,35.7,51.155805587768555,1,1,[6],18,6.0,person,79.0,Turn RIGHT
29.286802291870117,yolov8n.pt,15.06969859194401,87.9,35.7,50.67634582519531,1,1,[6],18,6.0,person,80.0,Turn RIGHT
29.350648164749146,yolov8n.pt,16.039710128300733,90.9,35.7,49.18861389160156,1,1,[6],18,6.0,person,82.0,Turn RIGHT
29.415456771850586,yolov8n.pt,15.157213067360509,91.2,35.7,50.34041404724121,1,1,[6],18,6.0,person,82.0,Turn RIGHT
29.47729182243347,yolov8n.pt,15.904865914330784,96.9,35.7,51.39327049255371,1,1,[6],18,6.0,person,81.0,Turn RIGHT
29.542109489440918,yolov8n.pt,15.482735454149472,90.6,35.7,51.14316940307617,1,1,[6],18,6.0,person,80.0,Turn RIGHT
29.60596990585327,yolov8n.pt,16.744062755743627,97.0,35.7,47.020912170410156,1,1,[6],18,6.0,person,80.0,Turn RIGHT
29.667784452438354,yolov8n.pt,14.842102655744085,90.6,35.7,52.585601806640625,1,1,[6],18,6.0,person,80.0,Turn RIGHT
29.73560357093811,yolov8n.pt,14.82961323466498,95.1,35.7,52.165985107421875,1,1,[6],18,6.0,person,81.0,Turn RIGHT
29.80340886116028,yolov8n.pt,17.243267021044797,87.5,35.7,42.37079620361328,1,1,[6],18,6.0,person,81.0,Turn RIGHT
29.861279487609863,yolov8n.pt,12.40793529644947,100.0,35.7,65.07706642150879,1,1,[6],18,6.0,person,82.0,Turn RIGHT
29.94205927848816,yolov8n.pt,12.494314813656363,92.5,35.7,64.33510780334473,1,1,[6],18,6.0,person,80.0,Turn RIGHT
30.021854877471924,yolov8n.pt,12.991373783114916,97.7,35.7,61.54441833496094,1,1,[6],18,6.0,person,80.0,Turn RIGHT
30.09869384765625,yolov8n.pt,13.343590037253723,97.1,35.7,59.64922904968262,1,1,[6],18,6.0,person,82.0,Turn RIGHT
30.173449754714966,yolov8n.pt,15.330450705975665,92.5,35.7,50.126075744628906,1,1,[6],18,6.0,person,81.0,Turn RIGHT
30.23824954032898,yolov8n.pt,14.80062247033209,93.9,35.7,52.886962890625,1,1,[6],18,6.0,person,80.0,Turn RIGHT
30.305076360702515,yolov8n.pt,15.722842201938036,88.2,35.7,49.64613914489746,1,1,[6],18,6.0,person,81.0,Turn RIGHT
30.36997699737549,yolov8n.pt,12.148423628911964,100.0,35.7,67.05641746520996,1,1,[6],18,6.0,person,81.0,Turn RIGHT
30.452758312225342,yolov8n.pt,12.180422131099935,95.0,35.7,66.3447380065918,1,1,[6],18,6.0,person,81.0,Turn RIGHT
30.534468173980713,yolov8n.pt,13.812591797350967,90.5,35.7,57.08169937133789,1,1,[6],18,6.0,person,79.0,Turn RIGHT
30.604276657104492,yolov8n.pt,14.573473613987296,100.0,35.7,55.89723587036133,1,1,[6],18,6.0,person,78.0,Turn RIGHT
30.676091194152832,yolov8n.pt,14.148627406003117,95.1,35.7,54.75258827209473,1,1,[6],18,6.0,person,79.0,Turn RIGHT
30.746925830841064,yolov8n.pt,14.724657625619187,90.6,35.7,51.8038272857666,1,1,[6],18,6.0,person,80.0,Turn RIGHT
30.813724517822266,yolov8n.pt,14.964799235045206,100.0,35.7,51.83982849121094,1,1,[6],18,6.0,person,81.0,Turn RIGHT
30.881572246551514,yolov8n.pt,15.016447439082896,90.6,35.7,50.56881904602051,1,1,[6],18,6.0,person,81.0,Turn RIGHT
30.947364568710327,yolov8n.pt,15.253734057293732,90.6,35.7,50.36807060241699,1,1,[6],18,6.0,person,80.0,Turn RIGHT
31.013229608535767,yolov8n.pt,15.028015148746503,90.9,35.7,51.05185508728027,1,1,[6],18,6.0,person,81.0,Turn RIGHT
31.078099966049194,yolov8n.pt,15.851908402716624,93.9,35.7,49.25894737243652,1,1,[6],18,6.0,person,82.0,Turn RIGHT
31.14283847808838,yolov8n.pt,14.444389343471912,92.7,35.7,53.74622344970703,1,1,[6],18,6.0,person,82.0,Turn RIGHT
31.2117178440094,yolov8n.pt,12.574361434224727,100.0,35.7,64.41187858581543,1,1,[6],18,6.0,person,82.0,Turn RIGHT
31.29248332977295,yolov8n.pt,13.443885302545628,100.0,35.5,57.9981803894043,1,1,[6],18,6.0,person,81.0,Turn RIGHT
31.36529803276062,yolov8n.pt,17.47532008682863,91.7,35.5,42.42277145385742,1,1,[6],18,6.0,person,78.0,Turn RIGHT
31.42307472229004,yolov8n.pt,17.280279496708168,90.6,35.5,42.50597953796387,1,1,[6],18,6.0,person,78.0,Turn RIGHT
31.478925228118896,yolov8n.pt,18.017311517098882,87.9,35.5,42.16575622558594,1,1,[6],18,6.0,person,78.0,Turn RIGHT
31.53579092025757,yolov8n.pt,17.62312605042017,83.3,35.5,42.04916954040527,1,1,[6],18,6.0,person,78.0,Turn RIGHT
31.59261989593506,yolov8n.pt,17.82792243673119,93.8,35.5,41.30196571350098,1,1,[6],18,6.0,person,72.0,Turn RIGHT
31.64847230911255,yolov8n.pt,17.80242187068925,92.0,35.5,41.626930236816406,1,1,[6],18,6.0,person,71.0,Turn RIGHT
31.705325603485107,yolov8n.pt,17.03637331080395,90.6,35.5,43.474674224853516,1,1,[6],18,6.0,person,72.0,Turn RIGHT
31.764161586761475,yolov8n.pt,17.625643999562964,90.6,35.5,41.376590728759766,1,1,[6],18,6.0,person,72.0,Turn RIGHT
31.820021629333496,yolov8n.pt,17.558204956463495,91.7,35.5,42.464494705200195,1,1,[6],18,6.0,person,70.0,Turn RIGHT
31.87686800956726,yolov8n.pt,18.25650400665091,90.6,35.5,40.39645195007324,1,1,[6],18,6.0,person,71.0,Turn RIGHT
31.931711196899414,yolov8n.pt,17.962296472039263,84.0,35.5,41.239023208618164,1,1,[6],18,6.0,person,74.0,Turn RIGHT
31.98757290840149,yolov8n.pt,17.79418951941352,87.5,35.5,41.55611991882324,1,1,[6],18,6.0,person,77.0,Turn RIGHT
32.044411182403564,yolov8n.pt,17.68219051031808,87.5,35.5,41.277408599853516,1,1,[6],18,6.0,person,78.0,Turn RIGHT
32.10026454925537,yolov8n.pt,18.388972677212305,88.0,35.5,39.80517387390137,1,1,[6],18,6.0,person,78.0,Turn RIGHT
32.1551239490509,yolov8n.pt,17.313733988846373,90.9,35.5,42.69528388977051,1,1,[6],18,6.0,person,80.0,Turn RIGHT
32.2129864692688,yolov8n.pt,17.893559382772406,87.5,35.5,40.71450233459473,1,1,[6],18,6.0,person,86.0,Turn RIGHT
32.26880931854248,yolov8n.pt,17.050570750268303,87.5,35.5,43.56813430786133,1,1,[6],18,6.0,person,90.0,Turn RIGHT
32.32765483856201,yolov8n.pt,17.47699487478645,90.9,35.5,41.89491271972656,1,1,[6],18,6.0,person,113.0,Turn RIGHT
32.38450622558594,yolov8n.pt,18.022343680176,87.5,35.5,40.5573844909668,1,1,[6],18,6.0,person,118.0,Turn RIGHT
32.43836069107056,yolov8n.pt,18.339683691807206,87.5,35.5,41.23258590698242,1,1,[6],18,6.0,person,123.0,Turn RIGHT
32.4942045211792,yolov8n.pt,17.389247971608743,87.5,35.5,42.89388656616211,1,1,[6],18,6.0,person,125.0,Turn RIGHT
32.55007719993591,yolov8n.pt,18.082481871405538,91.7,35.5,42.32335090637207,1,1,[6],18,6.0,person,124.0,Turn RIGHT
32.6069118976593,yolov8n.pt,17.51662789677883,90.6,35.5,42.59347915649414,1,1,[6],18,6.0,person,131.0,Turn RIGHT
32.66475296020508,yolov8n.pt,17.51911550333524,84.0,35.5,41.81528091430664,1,1,[6],18,6.0,person,131.0,Turn RIGHT
32.72159767150879,yolov8n.pt,17.60271282042673,93.8,35.5,41.779279708862305,1,1,[6],18,6.0,person,132.0,Turn RIGHT
32.77847623825073,yolov8n.pt,17.56835412286066,97.0,35.5,41.82600975036621,1,1,[6],18,6.0,person,141.0,Turn RIGHT
32.84232997894287,yolov8n.pt,15.742611567766392,84.4,35.5,41.4881706237793,1,1,[6],18,6.0,person,142.0,Turn RIGHT
32.89912533760071,yolov8n.pt,17.582789063744517,83.3,35.5,41.56923294067383,1,1,[6],18,6.0,person,141.0,Turn RIGHT
32.95497679710388,yolov8n.pt,17.80809075778676,87.5,35.5,41.88871383666992,1,1,[6],18,6.0,person,141.0,Turn RIGHT
33.0118350982666,yolov8n.pt,17.44544637806542,84.8,35.5,42.333126068115234,1,1,[6],18,6.0,person,141.0,Turn RIGHT
33.068673610687256,yolov8n.pt,17.870611493626015,83.3,35.5,41.45455360412598,1,1,[6],18,6.0,person,141.0,Turn RIGHT
33.12451887130737,yolov8n.pt,17.966682230380083,93.8,35.5,41.27001762390137,1,1,[6],18,6.0,person,141.0,Turn RIGHT
33.1803834438324,yolov8n.pt,18.542867879484515,88.0,35.5,39.33238983154297,1,1,[6],18,6.0,person,140.0,Turn RIGHT
33.23424983024597,yolov8n.pt,18.42208733386625,90.6,35.5,39.72816467285156,1,1,[6],18,6.0,person,140.0,Turn RIGHT
33.28912568092346,yolov8n.pt,17.92230810974802,87.5,35.5,40.63820838928223,1,1,[6],18,6.0,person,138.0,Turn RIGHT
33.34501838684082,yolov8n.pt,17.250216948734295,94.1,35.5,42.74439811706543,1,1,[6],18,6.0,person,135.0,Turn RIGHT
33.40279841423035,yolov8n.pt,17.45335913280486,90.9,35.5,42.259931564331055,1,1,[6],18,6.0,person,130.0,Turn RIGHT
33.459630489349365,yolov8n.pt,17.82890760160338,91.7,35.5,41.51129722595215,1,1,[6],18,6.0,person,128.0,Turn RIGHT
33.51648545265198,yolov8n.pt,17.359667566180487,93.8,35.5,42.27018356323242,1,1,[6],18,6.0,person,121.0,Turn RIGHT
33.57332754135132,yolov8n.pt,17.630459729046958,84.4,35.5,42.14596748352051,1,1,[6],18,6.0,person,119.0,Turn RIGHT
33.63019037246704,yolov8n.pt,17.850001063942972,83.3,35.5,41.327714920043945,1,1,[6],18,6.0,person,118.0,Turn RIGHT
33.686023235321045,yolov8n.pt,17.89203277835366,90.9,35.5,41.36490821838379,1,1,[6],18,6.0,person,114.0,Turn RIGHT
33.741870403289795,yolov8n.pt,17.588835212023618,91.7,35.5,42.310476303100586,1,1,[6],18,6.0,person,112.0,Turn RIGHT
33.798718214035034,yolov8n.pt,17.783099224536695,87.5,35.5,41.75877571105957,1,1,[6],18,6.0,person,102.0,Turn RIGHT
33.85557579994202,yolov8n.pt,17.603156083434758,91.7,35.5,41.696786880493164,1,1,[6],18,6.0,person,101.0,Turn RIGHT
33.91043257713318,yolov8n.pt,18.107931683561574,83.3,35.5,42.07730293273926,1,1,[6],18,6.0,person,100.0,Turn RIGHT
33.96727705001831,yolov8n.pt,17.637502838448146,87.5,35.5,41.9459342956543,1,1,[6],18,6.0,person,97.0,Turn RIGHT
34.02412295341492,yolov8n.pt,17.37671258415329,84.4,35.5,42.62971878051758,1,1,[6],18,6.0,person,93.0,Turn RIGHT
34.08196473121643,yolov8n.pt,17.02351217413539,92.3,35.5,43.53070259094238,1,1,[6],18,6.0,person,48.0,Turn RIGHT
34.1408052444458,yolov8n.pt,17.265626029111505,97.0,35.5,42.61350631713867,1,1,[6],18,6.0,person,31.0,CENTERED
34.19864892959595,yolov8n.pt,17.369156865993045,84.4,35.5,42.33574867248535,1,1,[6],18,6.0,person,22.0,CENTERED
34.25550937652588,yolov8n.pt,17.50200920520599,83.3,35.5,42.61279106140137,1,1,[6],18,6.0,person,3.0,CENTERED
34.3093581199646,yolov8n.pt,19.30865834346113,87.5,35.5,40.57431221008301,1,1,[6],18,6.0,person,0.0,CENTERED
34.364227056503296,yolov8n.pt,18.268511097947663,87.5,35.5,40.42506217956543,1,1,[6],18,6.0,person,-8.0,CENTERED
34.41905975341797,yolov8n.pt,18.558046104154684,84.4,35.5,39.473533630371094,1,1,[6],18,6.0,person,-8.0,CENTERED
34.47101616859436,yolov8n.pt,18.94249468212426,91.7,35.5,40.3132438659668,1,1,[6],18,6.0,person,-11.0,CENTERED
34.52577495574951,yolov8n.pt,17.877162025079066,84.4,35.5,41.49150848388672,1,1,[6],18,6.0,person,-11.0,CENTERED
34.581629037857056,yolov8n.pt,18.372942830734996,92.0,35.5,40.06528854370117,1,1,[6],18,6.0,person,-7.0,CENTERED
34.63647723197937,yolov8n.pt,18.023273002286047,87.5,35.5,40.711164474487305,1,1,[6],18,6.0,person,-7.0,CENTERED
34.6923303604126,yolov8n.pt,17.696439872750133,92.0,35.5,41.353702545166016,1,1,[6],18,6.0,person,-8.0,CENTERED
34.74845886230469,yolov8n.pt,18.236025060760607,87.5,35.5,40.06218910217285,1,1,[6],18,6.0,person,-6.0,CENTERED
34.803038358688354,yolov8n.pt,18.452723273207216,88.0,35.5,39.67690467834473,1,1,[6],18,6.0,person,-6.0,CENTERED
34.857911825180054,yolov8n.pt,18.159990301518853,97.0,35.5,39.84880447387695,1,1,[6],18,6.0,person,-4.0,CENTERED
34.912750482559204,yolov8n.pt,18.176832069339113,87.5,35.5,40.04812240600586,1,1,[6],18,6.0,person,-5.0,CENTERED
34.96759486198425,yolov8n.pt,18.194652183720567,90.6,35.5,40.17901420593262,1,1,[6],18,6.0,person,-8.0,CENTERED
35.022446393966675,yolov8n.pt,17.986560373256257,83.3,35.5,40.9088134765625,1,1,[6],18,6.0,person,-5.0,CENTERED
35.078301668167114,yolov8n.pt,17.968837422511257,93.9,35.5,40.68350791931152,1,1,[6],18,6.0,person,-4.0,CENTERED
35.13414978981018,yolov8n.pt,17.81285541375576,83.3,35.5,40.99678993225098,1,1,[6],18,6.0,person,-2.0,CENTERED
35.18999671936035,yolov8n.pt,17.925601750547045,87.5,35.5,40.935516357421875,1,1,[6],18,6.0,person,-1.0,CENTERED
35.24584674835205,yolov8n.pt,17.650714562256972,84.4,35.5,41.73398017883301,1,1,[6],18,6.0,person,0.0,CENTERED
35.30170726776123,yolov8n.pt,17.879829314144672,83.3,35.5,41.8243408203125,1,1,[6],18,6.0,person,-1.0,CENTERED
35.35855054855347,yolov8n.pt,17.1224735567993,96.9,35.5,43.366432189941406,1,1,[6],18,6.0,person,3.0,CENTERED
35.4144012928009,yolov8n.pt,18.012436870855808,97.0,35.5,43.035030364990234,2,2,"[6, 47]",19,6.0,person,-1.0,CENTERED
35.47224402427673,yolov8n.pt,17.91090461874829,91.7,35.5,41.01967811584473,2,2,"[6, 47]",19,6.0,person,-5.0,CENTERED
35.528099060058594,yolov8n.pt,17.04987764327119,84.4,35.5,43.822288513183594,1,1,[6],19,6.0,person,1.0,CENTERED
35.58693861961365,yolov8n.pt,17.86125104864432,84.0,35.5,40.943145751953125,1,1,[6],19,6.0,person,0.0,CENTERED
35.64279365539551,yolov8n.pt,17.535595431208925,93.8,35.5,42.15717315673828,1,1,[6],19,6.0,person,-1.0,CENTERED
35.6996693611145,yolov8n.pt,18.230476678938242,87.5,35.5,40.11726379394531,1,1,[6],19,6.0,person,1.0,CENTERED
35.750499963760376,yolov8n.pt,18.643091132950186,91.7,35.5,42.92750358581543,2,2,"[6, 47]",19,6.0,person,-1.0,CENTERED
35.808350563049316,yolov8n.pt,16.995781753348055,87.5,35.5,43.91956329345703,3,3,"[6, 48, 47]",20,6.0,person,4.0,CENTERED
35.86719036102295,yolov8n.pt,17.21502860754714,83.3,35.5,43.161869049072266,2,2,"[6, 48]",20,6.0,person,2.0,CENTERED
35.92503881454468,yolov8n.pt,17.492811951303942,87.5,35.5,42.4807071685791,1,1,[6],20,6.0,person,-1.0,CENTERED
35.982895851135254,yolov8n.pt,17.651605952461114,87.5,35.5,41.29338264465332,3,3,"[6, 47, 48]",20,6.0,person,2.0,CENTERED
36.041752576828,yolov8n.pt,16.632381224298808,93.8,35.5,42.540788650512695,2,2,"[6, 47]",20,6.0,person,1.0,CENTERED
36.09982991218567,yolov8n.pt,17.70816990842576,95.8,35.5,40.93647003173828,1,1,[6],20,6.0,person,-1.0,CENTERED
36.15541982650757,yolov8n.pt,17.589204014107246,90.9,35.5,42.20318794250488,2,2,"[6, 47]",20,6.0,person,-1.0,CENTERED
36.21226477622986,yolov8n.pt,17.52043275757639,84.4,35.5,42.43111610412598,2,2,"[6, 47]",20,6.0,person,-1.0,CENTERED
36.26910948753357,yolov8n.pt,16.593755439856942,87.5,35.5,45.85146903991699,1,1,[47],20,47.0,person,91.0,Turn RIGHT
36.329960107803345,yolov8n.pt,17.259160806356704,90.6,35.5,42.95706748962402,1,1,[47],20,47.0,person,84.0,Turn RIGHT
36.387794733047485,yolov8n.pt,17.315663884141255,90.6,35.5,42.85383224487305,1,1,[47],20,47.0,person,89.0,Turn RIGHT
36.4456422328949,yolov8n.pt,17.311018568580756,90.3,35.5,42.774200439453125,1,1,[47],20,47.0,person,98.0,Turn RIGHT
36.50149607658386,yolov8n.pt,17.767580962870397,84.6,35.5,43.20335388183594,1,1,[47],20,47.0,person,107.0,Turn RIGHT
36.55935287475586,yolov8n.pt,16.895280218164533,84.8,35.5,44.521331787109375,1,1,[47],20,47.0,person,128.0,Turn RIGHT
36.61420392990112,yolov8n.pt,18.364174503931768,83.3,35.5,44.12961006164551,1,1,[47],20,47.0,person,130.0,Turn RIGHT
36.673041105270386,yolov8n.pt,17.747582839322813,90.9,35.5,41.66102409362793,1,1,[47],20,47.0,person,130.0,Turn RIGHT
36.72989892959595,yolov8n.pt,16.799525770222857,87.5,35.5,44.31319236755371,1,1,[47],20,47.0,person,111.0,Turn RIGHT
36.78872489929199,yolov8n.pt,17.407796002390597,91.7,35.5,42.93251037597656,1,1,[47],20,47.0,person,102.0,Turn RIGHT
36.84657692909241,yolov8n.pt,16.997434764812915,93.9,35.5,43.909549713134766,1,1,[47],20,47.0,person,93.0,Turn RIGHT
36.90142512321472,yolov8n.pt,18.142081040866465,87.5,35.5,44.17872428894043,1,1,[47],20,47.0,person,90.0,Turn RIGHT
36.96026349067688,yolov8n.pt,16.939496375275137,84.4,35.5,44.382572174072266,1,1,[47],20,47.0,person,88.0,Turn RIGHT
37.01911425590515,yolov8n.pt,16.894191381122894,88.0,35.5,44.74043846130371,1,1,[47],20,47.0,person,96.0,Turn RIGHT
37.07895016670227,yolov8n.pt,17.21149647916222,90.9,35.5,42.98520088195801,1,1,[47],20,47.0,person,104.0,Turn RIGHT
37.13679528236389,yolov8n.pt,17.1175820004979,90.6,35.5,43.55931282043457,1,1,[47],20,47.0,person,111.0,Turn RIGHT
37.19463920593262,yolov8n.pt,17.23575605406227,84.4,35.5,43.73455047607422,1,1,[47],20,47.0,person,129.0,Turn RIGHT
37.25347948074341,yolov8n.pt,17.259942059520675,88.0,35.5,42.79756546020508,1,1,[47],20,47.0,person,125.0,Turn RIGHT
37.3113272190094,yolov8n.pt,17.219198384123686,90.6,35.4,43.048858642578125,1,1,[47],20,47.0,person,121.0,Turn RIGHT
37.36916995048523,yolov8n.pt,17.2260581717224,87.9,35.4,43.28608512878418,1,1,[47],20,47.0,person,119.0,Turn RIGHT
37.427053451538086,yolov8n.pt,16.775068791194727,91.7,35.4,44.9986457824707,1,1,[47],20,47.0,person,116.0,Turn RIGHT
37.48685550689697,yolov8n.pt,17.40895205206535,97.0,35.4,42.62208938598633,1,1,[47],20,47.0,person,115.0,Turn RIGHT
37.54271984100342,yolov8n.pt,17.914806193272824,87.5,35.4,42.59848594665527,1,1,[47],20,47.0,person,115.0,Turn RIGHT
37.599557399749756,yolov8n.pt,17.644700032392546,92.0,35.4,42.43183135986328,1,1,[47],20,47.0,person,116.0,Turn RIGHT
37.65641117095947,yolov8n.pt,17.858285149830117,87.5,35.4,41.570186614990234,1,1,[47],20,47.0,person,117.0,Turn RIGHT
37.713271617889404,yolov8n.pt,17.37908859626588,84.4,35.4,42.26994514465332,1,1,[47],20,47.0,person,117.0,Turn RIGHT
37.77012634277344,yolov8n.pt,17.284837095830344,87.5,35.4,43.24650764465332,1,1,[47],20,47.0,person,115.0,Turn RIGHT
37.82794237136841,yolov8n.pt,17.54806750955995,87.5,35.4,42.423248291015625,1,1,[47],20,47.0,person,115.0,Turn RIGHT
37.88480496406555,yolov8n.pt,17.462296829203304,93.5,35.4,42.82712936401367,1,1,[47],20,47.0,person,116.0,Turn RIGHT
37.94264364242554,yolov8n.pt,17.381825415243842,80.0,35.4,42.51980781555176,1,1,[47],20,47.0,person,116.0,Turn RIGHT
37.999489068984985,yolov8n.pt,17.563645804544276,91.2,35.4,42.60849952697754,1,1,[47],20,47.0,person,116.0,Turn RIGHT
38.057326555252075,yolov8n.pt,17.210225267736245,90.6,35.4,42.894840240478516,1,1,[47],20,47.0,person,116.0,Turn RIGHT
38.115177392959595,yolov8n.pt,17.450817557728314,91.7,35.4,42.32954978942871,1,1,[47],20,47.0,person,122.0,Turn RIGHT
38.17202925682068,yolov8n.pt,17.668559489106443,87.5,35.4,42.07420349121094,1,1,[47],20,47.0,person,127.0,Turn RIGHT
38.22887372970581,yolov8n.pt,17.053482415125025,87.5,35.4,43.86615753173828,1,1,[47],20,47.0,person,125.0,Turn RIGHT
38.28771901130676,yolov8n.pt,17.526362853823848,88.0,35.4,42.05060005187988,1,1,[47],20,47.0,person,125.0,Turn RIGHT
38.3425714969635,yolov8n.pt,18.075234758475652,93.9,35.4,42.554616928100586,1,1,[47],20,47.0,person,124.0,Turn RIGHT
38.3994140625,yolov8n.pt,17.469351714946168,84.4,35.4,42.95945167541504,1,1,[47],20,47.0,person,120.0,Turn RIGHT
38.45726823806763,yolov8n.pt,17.668112926190215,83.3,35.4,41.69154167175293,1,1,[47],20,47.0,person,118.0,Turn RIGHT
38.51412558555603,yolov8n.pt,17.866576928483497,87.5,35.4,40.81392288208008,1,1,[47],20,47.0,person,117.0,Turn RIGHT
38.57001519203186,yolov8n.pt,17.1889955780682,87.5,35.4,43.08962821960449,1,1,[47],20,47.0,person,117.0,Turn RIGHT
38.627821922302246,yolov8n.pt,16.19241088835613,96.9,35.4,47.04880714416504,1,1,[47],20,47.0,person,120.0,Turn RIGHT
38.68964457511902,yolov8n.pt,16.520422551853983,90.9,35.4,45.761823654174805,1,1,[47],20,47.0,person,119.0,Turn RIGHT
38.75047707557678,yolov8n.pt,17.31752270850537,100.0,35.4,42.68598556518555,1,1,[47],20,47.0,person,119.0,Turn RIGHT
38.80634427070618,yolov8n.pt,18.16903690291056,90.6,35.4,41.83387756347656,1,1,[47],20,47.0,person,117.0,Turn RIGHT
38.863192081451416,yolov8n.pt,17.758704055753377,87.5,35.4,41.306257247924805,1,1,[47],20,47.0,person,117.0,Turn RIGHT
38.919029235839844,yolov8n.pt,17.087664692126555,90.6,35.4,43.973684310913086,1,1,[47],20,47.0,person,111.0,Turn RIGHT
38.97790169715881,yolov8n.pt,17.752014627209316,87.5,35.4,41.44763946533203,1,1,[47],20,47.0,person,111.0,Turn RIGHT
39.03377079963684,yolov8n.pt,17.77556270369005,90.6,35.4,41.83840751647949,1,1,[47],20,47.0,person,113.0,Turn RIGHT
39.09057378768921,yolov8n.pt,17.342942793938267,91.4,35.4,42.693376541137695,1,1,[47],20,47.0,person,108.0,Turn RIGHT
39.14842343330383,yolov8n.pt,17.784531886024425,83.3,35.4,41.06593132019043,1,1,[47],20,47.0,person,106.0,Turn RIGHT
39.204269886016846,yolov8n.pt,17.9766928539896,87.9,35.4,40.851593017578125,1,1,[47],20,47.0,person,103.0,Turn RIGHT
39.26013207435608,yolov8n.pt,17.694424171345887,84.4,35.4,41.51034355163574,1,1,[47],20,47.0,person,102.0,Turn RIGHT
39.316970109939575,yolov8n.pt,17.60101385234516,83.3,35.4,41.48459434509277,1,1,[47],20,47.0,person,101.0,Turn RIGHT
39.37381649017334,yolov8n.pt,17.561807303072047,93.9,35.4,41.577816009521484,1,1,[47],20,47.0,person,96.0,Turn RIGHT
39.42971992492676,yolov8n.pt,16.449670167622305,93.9,35.4,46.46897315979004,1,1,[47],20,47.0,person,97.0,Turn RIGHT
39.49050307273865,yolov8n.pt,17.68949883385982,87.5,35.4,42.221784591674805,1,1,[47],20,47.0,person,97.0,Turn RIGHT
39.54735803604126,yolov8n.pt,16.726768067508395,90.6,35.4,45.14598846435547,1,1,[47],20,47.0,person,95.0,Turn RIGHT
39.605199098587036,yolov8n.pt,17.808317588366414,90.6,35.4,43.45440864562988,1,1,[47],20,47.0,person,93.0,Turn RIGHT
39.66306781768799,yolov8n.pt,16.977276223011973,95.8,35.4,44.49605941772461,1,1,[47],20,47.0,person,91.0,Turn RIGHT
39.72191333770752,yolov8n.pt,14.828931644781965,90.0,35.4,53.07340621948242,1,1,[47],20,47.0,person,90.0,Turn RIGHT
39.78971195220947,yolov8n.pt,13.426284031434562,92.9,35.4,59.760093688964844,1,1,[47],20,47.0,person,89.0,Turn RIGHT
39.864511489868164,yolov8n.pt,15.759291822594948,96.9,35.4,48.41804504394531,1,1,[47],20,47.0,person,88.0,Turn RIGHT
39.928404092788696,yolov8n.pt,12.317675493596388,90.2,35.4,65.69051742553711,1,1,[47],20,47.0,person,88.0,Turn RIGHT
40.0051383972168,yolov8n.pt,16.525108938041242,90.6,35.4,49.492835998535156,1,1,[47],20,47.0,person,86.0,Turn RIGHT
40.06897759437561,yolov8n.pt,15.79436429843687,97.1,35.4,48.96974563598633,1,1,[47],20,47.0,person,86.0,Turn RIGHT
40.1328661441803,yolov8n.pt,15.55260396388379,90.9,35.4,49.32117462158203,1,1,[47],20,47.0,person,87.0,Turn RIGHT
40.197617292404175,yolov8n.pt,15.466977409671877,90.9,35.4,49.27659034729004,1,1,[47],20,47.0,person,87.0,Turn RIGHT
40.26154041290283,yolov8n.pt,15.444196510763023,90.6,35.4,50.06098747253418,1,1,[47],20,47.0,person,88.0,Turn RIGHT
40.326271772384644,yolov8n.pt,17.586475244867838,84.4,35.4,42.22989082336426,1,1,[47],20,47.0,person,88.0,Turn RIGHT
40.38311219215393,yolov8n.pt,17.651680239042147,88.0,35.4,42.040348052978516,1,1,[47],20,47.0,person,88.0,Turn RIGHT
40.442007541656494,yolov8n.pt,15.693427871213963,90.0,35.4,46.87952995300293,1,1,[47],20,47.0,person,86.0,Turn RIGHT
40.50180172920227,yolov8n.pt,16.139760037556663,91.7,35.4,49.031734466552734,1,1,[47],20,47.0,person,88.0,Turn RIGHT
40.56563377380371,yolov8n.pt,16.83141315034411,90.9,35.4,44.61479187011719,1,1,[47],20,47.0,person,88.0,Turn RIGHT
40.62546229362488,yolov8n.pt,17.20196696838332,96.9,35.4,42.92941093444824,1,1,[47],20,47.0,person,87.0,Turn RIGHT
40.68331050872803,yolov8n.pt,16.80215039118051,90.6,35.4,44.58212852478027,1,1,[47],20,47.0,person,87.0,Turn RIGHT
40.743162393569946,yolov8n.pt,16.85860936601914,93.9,35.4,44.05331611633301,1,1,[47],20,47.0,person,88.0,Turn RIGHT
40.801997661590576,yolov8n.pt,18.013210448107333,96.0,35.4,40.73286056518555,1,1,[47],20,47.0,person,88.0,Turn RIGHT
40.85786437988281,yolov8n.pt,17.877847823399783,90.6,35.4,40.798187255859375,1,1,[47],20,47.0,person,90.0,Turn RIGHT
40.9137122631073,yolov8n.pt,15.503910812768915,93.9,35.4,49.363136291503906,1,1,[47],20,47.0,person,94.0,Turn RIGHT
40.978554010391235,yolov8n.pt,15.520031378237269,96.9,35.4,49.04747009277344,1,1,[47],20,47.0,person,95.0,Turn RIGHT
41.04236364364624,yolov8n.pt,16.325775651679752,96.9,35.4,46.47994041442871,1,1,[47],20,47.0,person,95.0,Turn RIGHT
41.104246616363525,yolov8n.pt,15.916816563825831,96.9,35.4,47.43003845214844,1,1,[47],20,47.0,person,96.0,Turn RIGHT
41.167054891586304,yolov8n.pt,15.70823892469655,96.9,35.4,48.28786849975586,1,1,[47],20,47.0,person,97.0,Turn RIGHT
41.23086595535278,yolov8n.pt,16.907403003124056,90.6,35.4,43.61367225646973,1,1,[47],20,47.0,person,97.0,Turn RIGHT
41.289987087249756,yolov8n.pt,17.590826927028942,83.3,35.4,41.347503662109375,1,1,[47],20,47.0,person,97.0,Turn RIGHT
41.34654402732849,yolov8n.pt,17.805066902125926,93.9,35.4,40.94219207763672,1,1,[47],20,47.0,person,96.0,Turn RIGHT
41.40241551399231,yolov8n.pt,17.78905759606413,90.6,35.4,41.2905216217041,1,1,[47],20,47.0,person,95.0,Turn RIGHT
41.45823669433594,yolov8n.pt,17.97800276037068,87.5,35.4,41.091203689575195,1,1,[47],20,47.0,person,94.0,Turn RIGHT
41.51009654998779,yolov8n.pt,18.83522839539437,87.5,35.4,42.33527183532715,1,1,[47],20,47.0,person,95.0,Turn RIGHT
41.56696176528931,yolov8n.pt,18.075702138846154,83.3,35.4,40.78340530395508,1,1,[47],20,47.0,person,95.0,Turn RIGHT
41.622803688049316,yolov8n.pt,18.117630796876078,90.6,35.4,40.097951889038086,1,1,[47],20,47.0,person,95.0,Turn RIGHT
41.67764925956726,yolov8n.pt,17.35736869113241,83.3,35.4,42.91129112243652,1,1,[47],20,47.0,person,96.0,Turn RIGHT
41.73549818992615,yolov8n.pt,17.77661743202865,87.5,35.4,41.295528411865234,1,1,[47],20,47.0,person,96.0,Turn RIGHT
41.79135704040527,yolov8n.pt,17.85380014898372,90.6,35.4,41.461944580078125,1,1,[47],20,47.0,person,97.0,Turn RIGHT
41.84524369239807,yolov8n.pt,18.81267184269189,87.5,35.4,40.737152099609375,1,1,[47],20,47.0,person,97.0,Turn RIGHT
41.90107035636902,yolov8n.pt,17.78370242229204,84.4,35.4,41.12696647644043,1,1,[47],20,47.0,person,97.0,Turn RIGHT
41.95694088935852,yolov8n.pt,16.66953083083282,95.8,35.4,45.25136947631836,1,1,[47],20,47.0,person,97.0,Turn RIGHT
42.01675081253052,yolov8n.pt,15.869121397168433,93.9,35.4,48.46787452697754,1,1,[47],20,47.0,person,97.0,Turn RIGHT
42.08063054084778,yolov8n.pt,15.044347838562963,95.1,35.4,51.05185508728027,1,1,[47],20,47.0,person,97.0,Turn RIGHT
42.146427631378174,yolov8n.pt,15.538602886695712,90.6,35.4,49.607276916503906,1,1,[47],20,47.0,person,97.0,Turn RIGHT
42.21123123168945,yolov8n.pt,16.519251370596763,87.5,35.4,45.34459114074707,1,1,[47],20,47.0,person,97.0,Turn RIGHT
42.27109456062317,yolov8n.pt,16.376707247553824,84.4,35.4,46.53525352478027,1,1,[47],20,47.0,person,97.0,Turn RIGHT
42.33289957046509,yolov8n.pt,17.846431397911683,83.3,35.4,40.76790809631348,1,1,[47],20,47.0,person,97.0,Turn RIGHT
42.38874816894531,yolov8n.pt,18.056403876205934,90.6,35.4,40.30728340148926,1,1,[47],20,47.0,person,96.0,Turn RIGHT
42.443608045578,yolov8n.pt,18.28220730537878,83.3,35.4,40.13562202453613,1,1,[47],20,47.0,person,96.0,Turn RIGHT
42.49848794937134,yolov8n.pt,18.17856523698901,87.5,35.4,40.265560150146484,1,1,[47],20,47.0,person,96.0,Turn RIGHT
42.55330729484558,yolov8n.pt,16.93730742982672,87.5,35.4,44.50201988220215,1,1,[47],20,47.0,person,95.0,Turn RIGHT
42.6132071018219,yolov8n.pt,17.25312623403975,93.8,35.4,42.50764846801758,1,1,[47],20,47.0,person,95.0,Turn RIGHT
42.67099857330322,yolov8n.pt,17.741276991730643,87.5,35.4,41.12720489501953,1,1,[47],20,47.0,person,95.0,Turn RIGHT
42.72683763504028,yolov8n.pt,17.879829314144672,87.5,35.4,41.216373443603516,1,1,[47],20,47.0,person,96.0,Turn RIGHT
42.78269839286804,yolov8n.pt,18.047624375005377,97.0,35.4,40.7557487487793,1,1,[47],20,47.0,person,95.0,Turn RIGHT
42.838547229766846,yolov8n.pt,18.15480240661386,83.3,35.4,39.99686241149902,1,1,[47],20,47.0,person,96.0,Turn RIGHT
42.89340591430664,yolov8n.pt,17.9614503440863,93.8,35.4,40.82345962524414,1,1,[47],20,47.0,person,95.0,Turn RIGHT
42.94925236701965,yolov8n.pt,17.948307144568826,84.4,35.4,40.674686431884766,1,1,[47],20,47.0,person,95.0,Turn RIGHT
43.005099296569824,yolov8n.pt,16.548189063363054,87.5,35.4,45.265913009643555,1,1,[47],20,47.0,person,96.0,Turn RIGHT
43.06494760513306,yolov8n.pt,18.0477020322632,90.6,35.4,40.82036018371582,1,1,[47],20,47.0,person,96.0,Turn RIGHT
43.1208770275116,yolov8n.pt,16.806055190707255,90.6,35.4,44.39878463745117,1,1,[47],20,47.0,person,97.0,Turn RIGHT
43.17966175079346,yolov8n.pt,18.011276629550267,83.3,35.4,41.1376953125,1,1,[47],20,47.0,person,96.0,Turn RIGHT
43.24251198768616,yolov8n.pt,16.076104912553706,84.4,35.4,40.494441986083984,1,1,[47],20,47.0,person,95.0,Turn RIGHT
43.29832172393799,yolov8n.pt,17.883488605112245,90.9,35.4,40.59481620788574,1,1,[47],20,47.0,person,96.0,Turn RIGHT
43.35420203208923,yolov8n.pt,17.87761921811331,90.6,35.4,40.63844680786133,1,1,[47],20,47.0,person,96.0,Turn RIGHT
43.410013914108276,yolov8n.pt,17.948691175652485,91.7,35.4,40.56215286254883,1,1,[47],20,47.0,person,96.0,Turn RIGHT
43.46487808227539,yolov8n.pt,18.03404463897978,84.4,35.4,41.13340377807617,1,1,[47],20,47.0,person,96.0,Turn RIGHT
43.5207200050354,yolov8n.pt,18.138472050441536,87.5,35.4,40.42553901672363,1,1,[47],20,47.0,person,96.0,Turn RIGHT
43.57358264923096,yolov8n.pt,18.88909204725083,87.5,35.4,40.51351547241211,1,1,[47],20,47.0,person,96.0,Turn RIGHT
43.62946653366089,yolov8n.pt,16.371657305234724,91.7,35.4,45.68362236022949,1,1,[47],20,47.0,person,96.0,Turn RIGHT
43.690295934677124,yolov8n.pt,17.92904988052441,87.5,35.4,40.651559829711914,1,1,[47],20,47.0,person,96.0,Turn RIGHT
43.746116638183594,yolov8n.pt,17.528633459125803,84.4,35.4,41.88942909240723,1,1,[47],20,47.0,person,97.0,Turn RIGHT
43.802974462509155,yolov8n.pt,18.190627778380136,83.3,35.4,39.96419906616211,1,1,[47],20,47.0,person,97.0,Turn RIGHT
43.857820987701416,yolov8n.pt,18.016537587574042,90.9,35.4,40.6341552734375,1,1,[47],20,47.0,person,97.0,Turn RIGHT
43.9096794128418,yolov8n.pt,19.201611463364387,87.5,35.4,40.88282585144043,1,1,[47],20,47.0,person,98.0,Turn RIGHT
43.965538024902344,yolov8n.pt,17.95176401604157,84.8,35.4,40.712833404541016,1,1,[47],20,47.0,person,100.0,Turn RIGHT
44.021384954452515,yolov8n.pt,18.046304303865004,88.0,35.4,40.285587310791016,1,1,[47],20,47.0,person,98.0,Turn RIGHT
44.076239824295044,yolov8n.pt,16.106044897050126,96.9,35.4,47.49131202697754,1,1,[47],20,47.0,person,96.0,Turn RIGHT
44.13908362388611,yolov8n.pt,14.529200051267662,97.5,35.4,53.50637435913086,1,1,[47],20,47.0,person,97.0,Turn RIGHT
44.20794177055359,yolov8n.pt,15.068399251305006,87.5,35.4,51.00440979003906,1,1,[47],20,47.0,person,97.0,Turn RIGHT
44.27384686470032,yolov8n.pt,17.73325102950254,91.7,35.4,41.47815704345703,1,1,[47],20,47.0,person,97.0,Turn RIGHT
44.33057880401611,yolov8n.pt,17.965758734863638,93.9,35.4,40.42387008666992,1,1,[47],20,47.0,person,98.0,Turn RIGHT
44.38540959358215,yolov8n.pt,17.74780813107207,87.5,35.4,41.93520545959473,1,1,[47],20,47.0,person,97.0,Turn RIGHT
44.44232630729675,yolov8n.pt,16.029411877109105,96.9,35.4,47.414541244506836,1,1,[47],20,47.0,person,98.0,Turn RIGHT
44.503130197525024,yolov8n.pt,17.305733088523507,100.0,35.4,44.38328742980957,1,1,[47],20,47.0,person,98.0,Turn RIGHT
44.56299662590027,yolov8n.pt,15.511307197035537,96.9,35.4,48.99144172668457,1,1,[47],20,47.0,person,98.0,Turn RIGHT
44.6267614364624,yolov8n.pt,17.77390552629237,90.6,35.4,41.49198532104492,1,1,[47],20,47.0,person,98.0,Turn RIGHT
44.68265104293823,yolov8n.pt,17.76743043288558,87.9,35.4,41.87822341918945,1,1,[47],20,47.0,person,98.0,Turn RIGHT
44.73946261405945,yolov8n.pt,18.29879761967087,91.7,35.4,39.71266746520996,1,1,[47],20,47.0,person,99.0,Turn RIGHT
44.79434084892273,yolov8n.pt,17.87655247074067,87.5,35.4,40.78793525695801,1,1,[47],20,47.0,person,99.0,Turn RIGHT
44.85016751289368,yolov8n.pt,18.086068613415666,84.0,35.4,40.24028778076172,1,1,[47],20,47.0,person,98.0,Turn RIGHT
44.90103340148926,yolov8n.pt,19.0054103040464,87.5,35.4,41.992902755737305,1,1,[47],20,47.0,person,97.0,Turn RIGHT
44.95788526535034,yolov8n.pt,17.46113368414041,83.3,35.4,42.4189567565918,1,1,[47],20,47.0,person,97.0,Turn RIGHT
45.01472210884094,yolov8n.pt,17.82557363672295,87.5,35.4,41.67056083679199,1,1,[47],20,47.0,person,97.0,Turn RIGHT
45.07157301902771,yolov8n.pt,17.68256323777403,92.0,35.4,41.361331939697266,1,1,[47],20,47.0,person,97.0,Turn RIGHT
45.127429723739624,yolov8n.pt,17.362038918945768,93.8,35.4,43.11704635620117,1,1,[47],20,47.0,person,94.0,Turn RIGHT
45.18526887893677,yolov8n.pt,18.0787407005112,84.4,35.4,40.5888557434082,1,1,[47],20,47.0,person,94.0,Turn RIGHT
45.23813605308533,yolov8n.pt,18.75169441513618,87.5,35.4,41.04471206665039,1,1,[47],20,47.0,person,93.0,Turn RIGHT
45.29398488998413,yolov8n.pt,17.5172863121142,90.9,35.4,42.29927062988281,1,1,[47],20,47.0,person,92.0,Turn RIGHT
45.35082483291626,yolov8n.pt,17.716173178458288,92.0,35.4,41.88942909240723,1,1,[47],20,47.0,person,89.0,Turn RIGHT
45.407674074172974,yolov8n.pt,17.45372227539428,94.1,35.4,42.33241081237793,1,1,[47],20,47.0,person,87.0,Turn RIGHT
45.4645209312439,yolov8n.pt,17.717445392066168,90.9,35.4,41.94331169128418,1,1,[47],20,47.0,person,87.0,Turn RIGHT
45.52136993408203,yolov8n.pt,17.888598870634798,83.3,35.4,40.97867012023926,1,1,[47],20,47.0,person,84.0,Turn RIGHT
45.57324171066284,yolov8n.pt,19.743011132293063,88.0,35.4,39.743661880493164,1,1,[47],20,47.0,person,83.0,Turn RIGHT
45.62808561325073,yolov8n.pt,17.604412116531588,87.5,35.4,41.73398017883301,1,1,[47],20,47.0,person,83.0,Turn RIGHT
45.68494272232056,yolov8n.pt,17.487925283522348,90.9,35.4,42.04964637756348,1,1,[47],20,47.0,person,81.0,Turn RIGHT
45.741793155670166,yolov8n.pt,17.40562882302655,91.7,35.4,42.652130126953125,1,1,[47],20,47.0,person,80.0,Turn RIGHT
45.79765439033508,yolov8n.pt,18.192126858550633,90.6,35.4,41.77141189575195,1,1,[47],20,47.0,person,80.0,Turn RIGHT
45.85448122024536,yolov8n.pt,17.88493748827372,87.5,35.4,40.84587097167969,1,1,[47],20,47.0,person,79.0,Turn RIGHT
45.91033673286438,yolov8n.pt,17.668112926190215,83.3,35.4,41.59188270568848,1,1,[47],20,47.0,person,83.0,Turn RIGHT
45.96618175506592,yolov8n.pt,18.464583498419575,84.4,35.4,39.91079330444336,1,1,[47],20,47.0,person,83.0,Turn RIGHT
46.021052837371826,yolov8n.pt,18.337679144478546,87.5,35.4,39.562225341796875,1,1,[47],20,47.0,person,82.0,Turn RIGHT
46.07489490509033,yolov8n.pt,18.27392342412994,90.6,35.4,40.447235107421875,1,1,[47],20,47.0,person,83.0,Turn RIGHT
46.12983536720276,yolov8n.pt,18.373425734073358,92.0,35.4,39.927005767822266,1,1,[47],20,47.0,person,88.0,Turn RIGHT
46.18459343910217,yolov8n.pt,18.068226952187718,84.4,35.4,40.51852226257324,1,1,[47],20,47.0,person,85.0,Turn RIGHT
46.240447759628296,yolov8n.pt,18.627111719041444,91.7,35.4,38.35034370422363,1,1,[47],20,47.0,person,79.0,Turn RIGHT
46.293357849121094,yolov8n.pt,18.444203073811043,87.5,35.4,39.65473175048828,1,1,[47],20,47.0,person,75.0,Turn RIGHT
46.34816527366638,yolov8n.pt,18.442824352964973,87.5,35.4,39.07179832458496,1,1,[47],20,47.0,person,72.0,Turn RIGHT
46.40201950073242,yolov8n.pt,18.8318456924265,83.3,35.4,38.32101821899414,1,1,[47],20,47.0,person,74.0,Turn RIGHT
46.454872131347656,yolov8n.pt,18.90399055319686,87.5,35.4,38.37323188781738,1,1,[47],20,47.0,person,79.0,Turn RIGHT
46.50773334503174,yolov8n.pt,18.833875168387966,83.3,35.4,38.57731819152832,1,1,[47],20,47.0,person,82.0,Turn RIGHT
46.56159329414368,yolov8n.pt,18.697860199714693,87.5,35.4,38.22445869445801,1,1,[47],20,47.0,person,84.0,Turn RIGHT
46.61444902420044,yolov8n.pt,19.214982385252174,87.5,35.4,37.41812705993652,1,1,[47],20,47.0,person,85.0,Turn RIGHT
46.6673059463501,yolov8n.pt,18.17840766263598,87.5,35.4,39.563894271850586,1,1,[47],20,47.0,person,86.0,Turn RIGHT
46.72116303443909,yolov8n.pt,18.842589972012203,90.6,35.4,38.77544403076172,1,1,[47],20,47.0,person,88.0,Turn RIGHT
46.77501893043518,yolov8n.pt,18.98596751706531,84.0,35.4,37.596940994262695,1,1,[47],20,47.0,person,89.0,Turn RIGHT
46.8278923034668,yolov8n.pt,18.240783505333976,93.9,35.4,39.54362869262695,1,1,[47],20,47.0,person,90.0,Turn RIGHT
46.881733417510986,yolov8n.pt,18.72147904140834,91.7,35.4,39.11542892456055,1,1,[47],20,47.0,person,91.0,Turn RIGHT
46.93359708786011,yolov8n.pt,19.14848818257769,87.5,35.4,39.479970932006836,1,1,[47],20,47.0,person,93.0,Turn RIGHT
46.9874529838562,yolov8n.pt,18.227466113885157,87.5,35.4,40.47870635986328,1,1,[47],20,47.0,person,100.0,Turn RIGHT
47.042301416397095,yolov8n.pt,18.629014563688933,83.3,35.4,39.31283950805664,1,1,[47],20,47.0,person,103.0,Turn RIGHT
47.09616041183472,yolov8n.pt,18.283402715721106,93.9,35.4,40.15493392944336,1,1,[47],20,47.0,person,103.0,Turn RIGHT
47.151010036468506,yolov8n.pt,17.767806762630155,84.4,35.4,41.57662391662598,1,1,[47],20,47.0,person,106.0,Turn RIGHT
47.20687508583069,yolov8n.pt,18.572344533201083,87.5,35.4,39.54744338989258,1,1,[47],20,47.0,person,107.0,Turn RIGHT
47.260716915130615,yolov8n.pt,18.300793675033923,83.3,35.4,40.367841720581055,1,1,[47],20,47.0,person,111.0,Turn RIGHT
47.315572023391724,yolov8n.pt,18.314298439423975,90.6,35.4,40.10772705078125,1,1,[47],20,47.0,person,111.0,Turn RIGHT
47.36644506454468,yolov8n.pt,19.76589899104143,96.0,35.4,39.823055267333984,1,1,[47],20,47.0,person,111.0,Turn RIGHT
47.42129182815552,yolov8n.pt,18.130944867594042,93.8,35.4,40.13490676879883,1,1,[47],20,47.0,person,113.0,Turn RIGHT
47.47614502906799,yolov8n.pt,18.253882041640555,88.0,35.4,40.059804916381836,1,1,[47],20,47.0,person,112.0,Turn RIGHT
47.53106141090393,yolov8n.pt,18.285873725880005,90.6,35.4,39.83426094055176,1,1,[47],20,47.0,person,110.0,Turn RIGHT
47.58589315414429,yolov8n.pt,18.829563054711315,83.3,35.4,38.1162166595459,1,1,[47],20,47.0,person,109.0,Turn RIGHT
47.63871121406555,yolov8n.pt,18.663498462620087,91.2,35.4,38.86556625366211,1,1,[47],20,47.0,person,108.0,Turn RIGHT
47.69257116317749,yolov8n.pt,18.247846440318117,84.0,35.4,39.81518745422363,1,1,[47],20,47.0,person,105.0,Turn RIGHT
47.7474205493927,yolov8n.pt,18.34024504359537,84.4,35.4,39.49546813964844,1,1,[47],20,47.0,person,101.0,Turn RIGHT
47.79929709434509,yolov8n.pt,19.09704914151463,91.7,35.4,39.97397422790527,1,1,[47],20,47.0,person,103.0,Turn RIGHT
47.854135513305664,yolov8n.pt,17.903488664933647,87.5,35.4,40.99154472351074,1,1,[47],20,47.0,person,105.0,Turn RIGHT
47.90998673439026,yolov8n.pt,18.01050321838192,87.5,35.4,40.67039489746094,1,1,[47],20,47.0,person,112.0,Turn RIGHT
47.965835094451904,yolov8n.pt,17.69569326312947,84.4,35.4,41.32390022277832,1,1,[47],20,47.0,person,122.0,Turn RIGHT
48.02168297767639,yolov8n.pt,18.29353012500109,84.0,35.4,40.13991355895996,1,1,[47],20,47.0,person,127.0,Turn RIGHT
48.076542377471924,yolov8n.pt,18.29081775048842,97.1,35.4,39.962053298950195,1,1,[47],20,47.0,person,132.0,Turn RIGHT
48.131394386291504,yolov8n.pt,18.474912675584843,91.7,35.4,39.231300354003906,1,1,[47],20,47.0,person,136.0,Turn RIGHT
48.185242891311646,yolov8n.pt,17.721787261011936,90.6,35.4,41.81098937988281,1,1,[47],20,47.0,person,137.0,Turn RIGHT
48.24209642410278,yolov8n.pt,17.857372763732663,83.3,35.4,40.96269607543945,1,1,[47],20,47.0,person,134.0,Turn RIGHT
48.2979793548584,yolov8n.pt,18.234677286125432,87.5,35.4,39.90769386291504,1,1,[47],20,47.0,person,133.0,Turn RIGHT
48.3528151512146,yolov8n.pt,18.234598011468616,88.0,35.4,39.9169921875,1,1,[47],20,47.0,person,133.0,Turn RIGHT
48.405662298202515,yolov8n.pt,19.20205100032047,90.9,35.4,39.1542911529541,1,1,[47],20,47.0,person,132.0,Turn RIGHT
48.459511280059814,yolov8n.pt,18.115518008387646,87.5,35.4,40.500640869140625,1,1,[47],20,47.0,person,134.0,Turn RIGHT
48.514373540878296,yolov8n.pt,17.981008561152006,87.5,35.4,41.254281997680664,1,1,[47],20,47.0,person,139.0,Turn RIGHT
48.56623339653015,yolov8n.pt,19.502766644037532,91.7,35.4,40.67206382751465,1,1,[47],20,47.0,person,140.0,Turn RIGHT
48.62207746505737,yolov8n.pt,18.011431319754884,84.4,35.4,40.3447151184082,1,1,[47],20,47.0,person,140.0,Turn RIGHT
48.676928758621216,yolov8n.pt,18.18226902085564,83.3,35.4,40.49348831176758,1,1,[47],20,47.0,person,139.0,Turn RIGHT
48.731794357299805,yolov8n.pt,18.283641816549114,90.6,35.4,40.3289794921875,1,1,[47],20,47.0,person,140.0,Turn RIGHT
48.78663754463196,yolov8n.pt,18.4218445983635,91.7,35.4,39.74199295043945,1,1,[47],20,47.0,person,143.0,Turn RIGHT
48.83750772476196,yolov8n.pt,19.6141245130728,88.0,35.4,39.87312316894531,1,1,[47],20,47.0,person,144.0,Turn RIGHT
48.892356634140015,yolov8n.pt,18.050575820695116,93.8,35.4,40.42649269104004,1,1,[47],20,47.0,person,145.0,Turn RIGHT
48.94721221923828,yolov8n.pt,18.43520455704214,83.3,35.4,39.8104190826416,1,1,[47],20,47.0,person,145.0,Turn RIGHT
48.99809265136719,yolov8n.pt,19.629270484284618,90.6,35.4,39.87574577331543,1,1,[47],20,47.0,person,143.0,Turn RIGHT
49.05293083190918,yolov8n.pt,18.15495957199993,87.5,35.4,40.12346267700195,1,1,[47],20,47.0,person,135.0,Turn RIGHT
49.107779026031494,yolov8n.pt,18.59952285083324,93.9,35.4,39.03388977050781,1,1,[47],20,47.0,person,130.0,Turn RIGHT
49.161659240722656,yolov8n.pt,18.48297257279842,83.3,35.4,39.249420166015625,1,1,[47],20,47.0,person,126.0,Turn RIGHT
49.215495586395264,yolov8n.pt,19.16835303042767,87.5,35.4,37.60027885437012,1,1,[47],20,47.0,person,124.0,Turn RIGHT
49.26737022399902,yolov8n.pt,18.578185281155182,87.9,35.4,39.54339027404785,1,1,[47],20,47.0,person,123.0,Turn RIGHT
49.321208477020264,yolov8n.pt,18.39921740999557,83.3,35.4,40.05622863769531,1,1,[47],20,47.0,person,119.0,Turn RIGHT
49.37606334686279,yolov8n.pt,18.72465502078134,93.8,35.4,38.611650466918945,1,1,[47],20,47.0,person,119.0,Turn RIGHT
49.429922342300415,yolov8n.pt,18.578432154215502,100.0,35.4,38.57421875,1,1,[47],20,47.0,person,119.0,Turn RIGHT
49.48278212547302,yolov8n.pt,18.58691211075118,87.5,35.4,39.5197868347168,1,1,[47],20,47.0,person,119.0,Turn RIGHT
49.53663396835327,yolov8n.pt,18.483787094897718,87.5,35.4,39.77346420288086,1,1,[47],20,47.0,person,119.0,Turn RIGHT
49.591484785079956,yolov8n.pt,18.530579425213723,87.5,35.4,38.875579833984375,1,1,[47],20,47.0,person,121.0,Turn RIGHT
49.645344257354736,yolov8n.pt,18.762934929453973,83.3,35.4,38.320064544677734,1,1,[47],20,47.0,person,120.0,Turn RIGHT
49.69824767112732,yolov8n.pt,18.734691507466085,83.3,35.4,38.79809379577637,1,1,[47],20,47.0,person,119.0,Turn RIGHT
49.752055406570435,yolov8n.pt,18.644499959993244,87.5,35.4,38.61546516418457,1,1,[47],20,47.0,person,119.0,Turn RIGHT
49.80591797828674,yolov8n.pt,18.09191961455013,87.5,35.4,40.02952575683594,1,1,[47],20,47.0,person,118.0,Turn RIGHT
49.860779762268066,yolov8n.pt,18.57308470643457,90.6,35.4,39.01314735412598,1,1,[47],20,47.0,person,118.0,Turn RIGHT
49.91462969779968,yolov8n.pt,18.350756684152728,83.3,35.4,39.64352607727051,1,1,[47],20,47.0,person,118.0,Turn RIGHT
49.969480752944946,yolov8n.pt,18.69986089809894,91.2,35.4,38.27929496765137,1,1,[47],20,47.0,person,119.0,Turn RIGHT
50.02233600616455,yolov8n.pt,18.994135521531014,87.5,35.4,38.07473182678223,1,1,[47],20,47.0,person,119.0,Turn RIGHT
50.07521033287048,yolov8n.pt,18.874556745567457,91.7,35.4,38.175344467163086,1,1,[47],20,47.0,person,117.0,Turn RIGHT
50.12805533409119,yolov8n.pt,18.478412575335707,88.2,35.4,39.450883865356445,1,1,[47],20,47.0,person,118.0,Turn RIGHT
50.18190932273865,yolov8n.pt,18.625953656088743,87.5,35.4,39.292335510253906,1,1,[47],20,47.0,person,117.0,Turn RIGHT
50.23576784133911,yolov8n.pt,18.63571898270745,90.6,35.4,39.08276557922363,1,1,[47],20,47.0,person,117.0,Turn RIGHT
50.289621114730835,yolov8n.pt,18.397199828059616,83.3,35.4,39.58535194396973,1,1,[47],20,47.0,person,117.0,Turn RIGHT
50.342488050460815,yolov8n.pt,19.126222092514226,90.6,35.4,39.01100158691406,1,1,[47],20,47.0,person,117.0,Turn RIGHT
50.396377086639404,yolov8n.pt,18.910212307428733,83.3,35.4,37.98198699951172,1,1,[47],20,47.0,person,112.0,Turn RIGHT
50.44919514656067,yolov8n.pt,18.718137068953975,83.3,35.4,38.60354423522949,1,1,[47],20,47.0,person,111.0,Turn RIGHT
50.50305676460266,yolov8n.pt,18.163214578019513,87.5,35.4,39.806365966796875,1,1,[47],20,47.0,person,106.0,Turn RIGHT
50.55791234970093,yolov8n.pt,18.14734018388318,90.3,35.4,40.04645347595215,1,1,[47],20,47.0,person,103.0,Turn RIGHT
50.612756967544556,yolov8n.pt,18.494627069691557,88.5,35.4,39.27183151245117,1,1,[47],20,47.0,person,84.0,Turn RIGHT
50.6666157245636,yolov8n.pt,18.59861562542957,83.3,35.4,39.188385009765625,1,1,[47],20,47.0,person,86.0,Turn RIGHT
50.720481395721436,yolov8n.pt,17.847266723685273,97.0,35.4,41.34654998779297,1,1,[47],20,47.0,person,86.0,Turn RIGHT
50.77433919906616,yolov8n.pt,16.769434982168274,100.0,35.4,47.11627960205078,1,1,[47],20,47.0,person,81.0,Turn RIGHT
50.8361930847168,yolov8n.pt,16.848992708940084,100.0,35.4,44.61812973022461,1,1,[47],20,47.0,person,78.0,Turn RIGHT
50.896026611328125,yolov8n.pt,17.235968538624018,83.3,35.4,42.80257225036621,1,1,[47],20,47.0,person,61.0,Turn RIGHT
50.953871965408325,yolov8n.pt,18.168092488553718,87.9,35.4,39.98970985412598,1,1,[47],20,47.0,person,60.0,Turn RIGHT
51.008697271347046,yolov8n.pt,18.235073669749102,83.3,35.4,40.02046585083008,1,1,[47],20,47.0,person,57.0,Turn RIGHT
51.06156325340271,yolov8n.pt,18.466290675507302,90.6,35.4,41.30053520202637,1,1,[47],20,47.0,person,49.0,Turn RIGHT
51.11741662025452,yolov8n.pt,17.962911887896254,87.5,35.4,41.114091873168945,1,1,[47],20,47.0,person,26.0,CENTERED
51.1732611656189,yolov8n.pt,17.648115188312865,87.5,35.4,41.94331169128418,1,1,[47],20,47.0,person,21.0,CENTERED
51.23012185096741,yolov8n.pt,18.244750773192514,87.1,35.4,39.881229400634766,1,1,[47],20,47.0,person,22.0,CENTERED
51.2849600315094,yolov8n.pt,16.74092168179387,84.0,35.4,44.721126556396484,1,1,[47],20,47.0,person,21.0,CENTERED
51.344797134399414,yolov8n.pt,17.78769964121833,93.8,35.4,41.1684513092041,1,1,[47],20,47.0,person,15.0,CENTERED
51.39865851402283,yolov8n.pt,18.663747608241,88.5,35.4,40.88115692138672,1,1,[47],20,47.0,person,5.0,CENTERED
51.45450568199158,yolov8n.pt,18.466371977528485,90.6,35.4,39.18719291687012,1,1,[47],20,47.0,person,5.0,CENTERED
51.50835990905762,yolov8n.pt,18.531152524101124,87.5,35.4,39.292097091674805,1,1,[47],20,47.0,person,6.0,CENTERED
51.56224083900452,yolov8n.pt,18.08193618754877,90.9,35.4,40.71760177612305,1,1,[47],20,47.0,person,19.0,CENTERED
51.61806654930115,yolov8n.pt,17.173230699940632,84.4,35.4,43.121337890625,1,1,[47],20,47.0,person,27.0,CENTERED
51.67591905593872,yolov8n.pt,16.80161194053766,83.3,35.4,44.793128967285156,1,1,[47],20,47.0,person,27.0,CENTERED
51.73377275466919,yolov8n.pt,18.511196829403925,87.5,35.4,40.953874588012695,1,1,[47],20,47.0,person,28.0,CENTERED
51.78960990905762,yolov8n.pt,18.19883629610667,83.3,35.4,40.052175521850586,1,1,[47],20,47.0,person,34.0,CENTERED
51.844467878341675,yolov8n.pt,17.880515317128072,97.0,35.4,41.14341735839844,1,1,[47],20,47.0,person,34.0,CENTERED
51.900322675704956,yolov8n.pt,18.507847835391818,83.3,35.4,39.31140899658203,1,1,[47],20,47.0,person,33.0,CENTERED
51.954174518585205,yolov8n.pt,18.497237081758566,90.9,35.4,39.522647857666016,1,1,[47],20,47.0,person,35.0,CENTERED
52.00504469871521,yolov8n.pt,19.483017465626162,83.3,35.4,39.984941482543945,1,1,[47],20,47.0,person,29.0,CENTERED
52.05990290641785,yolov8n.pt,18.680705129918138,90.6,35.4,38.63334655761719,1,1,[47],20,47.0,person,26.0,CENTERED
52.113747119903564,yolov8n.pt,17.52138423106165,91.7,35.4,41.88227653503418,1,1,[47],20,47.0,person,27.0,CENTERED
52.17059659957886,yolov8n.pt,17.457935834040924,87.9,35.4,42.30451583862305,1,1,[47],20,47.0,person,28.0,CENTERED
52.22744584083557,yolov8n.pt,17.37088330793188,90.6,35.4,43.029069900512695,1,1,[47],20,47.0,person,29.0,CENTERED
52.28532075881958,yolov8n.pt,17.07702016603491,83.3,35.4,43.710947036743164,1,1,[47],20,47.0,person,30.0,CENTERED
52.34213399887085,yolov8n.pt,17.983938257047914,90.9,35.4,42.5114631652832,1,1,[47],20,47.0,person,31.0,CENTERED
52.398990631103516,yolov8n.pt,17.535228873754665,87.5,35.4,42.66190528869629,1,1,[47],20,47.0,person,39.0,CENTERED
52.45682072639465,yolov8n.pt,18.537704744141642,87.5,35.4,38.79189491271973,1,1,[47],20,47.0,person,41.0,Turn RIGHT
52.51068449020386,yolov8n.pt,17.570562016153357,84.4,35.4,41.840314865112305,1,1,[47],20,47.0,person,42.0,Turn RIGHT
52.56556224822998,yolov8n.pt,18.02970343846316,91.7,35.4,42.42539405822754,1,1,[47],20,47.0,person,46.0,Turn RIGHT
52.622379779815674,yolov8n.pt,17.08133203556113,93.8,35.4,44.158935546875,1,1,[47],20,47.0,person,54.0,Turn RIGHT
52.68073511123657,yolov8n.pt,17.331977950230993,84.4,35.4,43.501853942871094,1,1,[47],20,47.0,person,57.0,Turn RIGHT
52.73869872093201,yolov8n.pt,17.19921596286485,92.0,35.4,43.66445541381836,1,1,[47],20,47.0,person,58.0,Turn RIGHT
52.79741930961609,yolov8n.pt,16.589226880984683,93.8,35.4,45.23324966430664,1,1,[47],20,47.0,person,61.0,Turn RIGHT
52.857260942459106,yolov8n.pt,16.863150615536775,87.5,35.4,44.70181465148926,1,1,[47],20,47.0,person,63.0,Turn RIGHT
52.9171040058136,yolov8n.pt,16.6540427001894,84.4,35.4,44.892311096191406,1,1,[47],20,47.0,person,63.0,Turn RIGHT
52.97697830200195,yolov8n.pt,15.194936837262212,94.1,35.3,50.83751678466797,1,1,[47],20,47.0,person,63.0,Turn RIGHT
53.04276442527771,yolov8n.pt,14.350097850036265,87.9,35.3,54.72612380981445,1,1,[47],20,47.0,person,63.0,Turn RIGHT
53.11258506774902,yolov8n.pt,15.775592106005499,100.0,35.3,48.299551010131836,1,1,[47],20,47.0,person,66.0,Turn RIGHT
53.174458026885986,yolov8n.pt,15.706062535105785,96.9,35.3,50.10032653808594,1,1,[47],20,47.0,person,64.0,Turn RIGHT
53.23725080490112,yolov8n.pt,18.675631269841976,91.7,35.4,40.85540771484375,1,1,[47],20,47.0,person,70.0,Turn RIGHT
53.293134689331055,yolov8n.pt,17.24021933033549,87.5,35.4,42.96994209289551,1,1,[47],20,47.0,person,72.0,Turn RIGHT
53.350943088531494,yolov8n.pt,18.0791303335819,88.0,35.4,40.472984313964844,1,1,[47],20,47.0,person,75.0,Turn RIGHT
53.405797243118286,yolov8n.pt,17.929969605902695,93.8,35.4,41.40019416809082,1,1,[47],20,47.0,person,75.0,Turn RIGHT
53.46164584159851,yolov8n.pt,18.17092602621033,87.5,35.4,40.57455062866211,1,1,[47],20,47.0,person,77.0,Turn RIGHT
53.51657724380493,yolov8n.pt,16.71456979241802,90.6,35.4,45.47262191772461,1,1,[47],20,47.0,person,86.0,Turn RIGHT
53.57334780693054,yolov8n.pt,18.658184940190484,87.5,35.4,42.30475425720215,1,1,[47],20,47.0,person,89.0,Turn RIGHT
53.63019824028015,yolov8n.pt,17.493541538936366,88.0,35.4,42.60849952697754,1,1,[47],20,47.0,person,83.0,Turn RIGHT
53.687050342559814,yolov8n.pt,18.324940472289576,87.9,35.4,40.33041000366211,1,1,[47],20,47.0,person,81.0,Turn RIGHT
53.74189805984497,yolov8n.pt,16.254850136028587,84.4,35.4,47.0120906829834,1,1,[47],20,47.0,person,68.0,Turn RIGHT
53.803733825683594,yolov8n.pt,16.855628383238827,87.5,35.4,44.49033737182617,1,1,[47],20,47.0,person,64.0,Turn RIGHT
53.86257266998291,yolov8n.pt,17.3591646352315,90.6,35.4,43.26438903808594,1,1,[47],20,47.0,person,62.0,Turn RIGHT
53.920416831970215,yolov8n.pt,17.63943140718311,87.5,35.4,42.1137809753418,1,1,[47],20,47.0,person,61.0,Turn RIGHT
53.97329807281494,yolov8n.pt,19.189312592931486,87.5,35.4,41.33725166320801,1,1,[47],20,47.0,person,61.0,Turn RIGHT
54.02912878990173,yolov8n.pt,18.10136721447314,87.5,35.4,40.75312614440918,1,1,[47],20,47.0,person,60.0,Turn RIGHT
54.08499050140381,yolov8n.pt,18.223110477746303,87.5,35.4,39.77203369140625,1,1,[47],20,47.0,person,60.0,Turn RIGHT
54.13983392715454,yolov8n.pt,18.226040403777045,90.6,35.4,39.772748947143555,1,1,[47],20,47.0,person,59.0,Turn RIGHT
54.194727659225464,yolov8n.pt,18.28180887000109,83.3,35.4,39.59536552429199,1,1,[47],20,47.0,person,60.0,Turn RIGHT
54.24854922294617,yolov8n.pt,17.946464024098034,91.2,35.4,41.49603843688965,1,1,[47],20,47.0,person,60.0,Turn RIGHT
54.30539631843567,yolov8n.pt,18.23372603573447,87.5,35.4,39.48616981506348,1,1,[47],20,47.0,person,61.0,Turn RIGHT
54.35923957824707,yolov8n.pt,18.485416354485274,87.5,35.4,39.74127769470215,1,1,[47],20,47.0,person,60.0,Turn RIGHT
54.414098262786865,yolov8n.pt,18.537950542529448,84.0,35.4,38.835763931274414,1,1,[47],20,47.0,person,60.0,Turn RIGHT
54.46796274185181,yolov8n.pt,18.64466571834993,87.5,35.4,38.598060607910156,1,1,[47],20,47.0,person,60.0,Turn RIGHT
54.52183222770691,yolov8n.pt,17.94984336751288,83.3,35.4,40.429115295410156,1,1,[47],20,47.0,person,60.0,Turn RIGHT
54.576664209365845,yolov8n.pt,17.740376522140025,87.5,35.4,41.97072982788086,1,1,[47],20,47.0,person,59.0,Turn RIGHT
54.62953758239746,yolov8n.pt,18.857499966280162,87.5,35.4,42.13285446166992,1,1,[47],20,47.0,person,59.0,Turn RIGHT
54.686371088027954,yolov8n.pt,17.56791261078627,93.9,35.4,42.22297668457031,1,1,[47],20,47.0,person,59.0,Turn RIGHT
54.74321436882019,yolov8n.pt,16.879709596670985,90.3,35.4,44.629812240600586,1,1,[47],20,47.0,person,57.0,Turn RIGHT
54.803062915802,yolov8n.pt,17.286475570301068,92.3,35.4,42.62113571166992,1,1,[47],20,47.0,person,56.0,Turn RIGHT
54.86090040206909,yolov8n.pt,17.773679571496373,93.8,35.4,41.05019569396973,1,1,[47],20,47.0,person,56.0,Turn RIGHT
54.91676044464111,yolov8n.pt,16.859287009160592,84.4,35.4,44.510602951049805,1,1,[47],20,47.0,person,63.0,Turn RIGHT
54.976592779159546,yolov8n.pt,16.582602576166114,87.5,35.4,44.96622085571289,1,1,[47],20,47.0,person,64.0,Turn RIGHT
55.036437034606934,yolov8n.pt,17.130935557388966,83.3,35.4,43.49875450134277,1,1,[47],20,47.0,person,66.0,Turn RIGHT
55.09428548812866,yolov8n.pt,17.61099074587259,90.6,35.4,42.444705963134766,1,1,[47],20,47.0,person,69.0,Turn RIGHT
55.15114235877991,yolov8n.pt,17.33570300810925,84.8,35.4,43.26605796813965,1,1,[47],20,47.0,person,67.0,Turn RIGHT
55.206982135772705,yolov8n.pt,17.706973779198137,91.7,35.4,43.900489807128906,1,1,[47],20,47.0,person,69.0,Turn RIGHT
55.26583003997803,yolov8n.pt,16.591261145085877,87.5,35.4,45.33576965332031,1,1,[47],20,47.0,person,62.0,Turn RIGHT
55.32565951347351,yolov8n.pt,17.155319235960572,84.4,35.4,43.78938674926758,1,1,[47],20,47.0,person,61.0,Turn RIGHT
55.38452339172363,yolov8n.pt,15.294561233978158,100.0,35.4,50.3087043762207,1,1,[47],20,47.0,person,65.0,Turn RIGHT
55.44935894012451,yolov8n.pt,16.567275485053404,93.8,35.4,45.83740234375,1,1,[47],20,47.0,person,65.0,Turn RIGHT
55.51019024848938,yolov8n.pt,16.85678000160759,84.4,35.4,44.321537017822266,1,1,[47],20,47.0,person,68.0,Turn RIGHT
55.5690393447876,yolov8n.pt,16.982431704719833,84.0,35.4,44.3575382232666,1,1,[47],20,47.0,person,69.0,Turn RIGHT
55.62787318229675,yolov8n.pt,17.214534022302576,90.6,35.4,43.62154006958008,1,1,[47],20,47.0,person,69.0,Turn RIGHT
55.68571496009827,yolov8n.pt,16.944697388992804,84.4,35.3,44.779062271118164,1,1,[47],20,47.0,person,70.0,Turn RIGHT
55.745550870895386,yolov8n.pt,16.70937593370914,84.4,35.4,44.80147361755371,1,1,[47],20,47.0,person,79.0,Turn RIGHT
55.80539608001709,yolov8n.pt,16.96491582872906,84.4,35.4,43.904781341552734,1,1,[47],20,47.0,person,86.0,Turn RIGHT
55.862252712249756,yolov8n.pt,17.76419465503367,88.0,35.4,43.33209991455078,1,1,[47],20,47.0,person,80.0,Turn RIGHT
55.920088052749634,yolov8n.pt,17.150689412649864,84.4,35.4,43.80607604980469,1,1,[47],20,47.0,person,71.0,Turn RIGHT
55.978933811187744,yolov8n.pt,17.339931455597036,84.4,35.4,42.63639450073242,1,1,[47],20,47.0,person,73.0,Turn RIGHT
56.035794496536255,yolov8n.pt,17.63068205701603,91.7,35.4,42.48833656311035,1,1,[47],20,47.0,person,76.0,Turn RIGHT
56.09262561798096,yolov8n.pt,17.457354532589694,97.1,35.4,42.940616607666016,1,1,[47],20,47.0,person,67.0,Turn RIGHT
56.150471925735474,yolov8n.pt,17.25085548828639,87.5,35.4,43.05911064147949,1,1,[47],20,47.0,person,72.0,Turn RIGHT
56.20831632614136,yolov8n.pt,17.248159753921062,87.5,35.4,43.19334030151367,1,1,[47],20,47.0,person,70.0,Turn RIGHT
56.26217246055603,yolov8n.pt,17.66022736842105,87.5,35.4,45.964956283569336,1,1,[47],20,47.0,person,72.0,Turn RIGHT
56.32302141189575,yolov8n.pt,17.425587250413383,84.4,35.4,42.510271072387695,1,1,[47],20,47.0,person,73.0,Turn RIGHT
56.37988042831421,yolov8n.pt,17.26761630300535,91.7,35.4,43.55478286743164,1,1,[47],20,47.0,person,75.0,Turn RIGHT
56.43870186805725,yolov8n.pt,17.722910504521256,87.5,35.4,41.15462303161621,1,1,[47],20,47.0,person,68.0,Turn RIGHT
56.49455118179321,yolov8n.pt,17.588835212023618,84.4,35.4,42.16909408569336,1,1,[47],20,47.0,person,65.0,Turn RIGHT
56.55141043663025,yolov8n.pt,17.701144962460592,87.5,35.4,41.792869567871094,1,1,[47],20,47.0,person,64.0,Turn RIGHT
56.60824632644653,yolov8n.pt,16.864913550462404,90.9,35.4,44.255971908569336,1,1,[47],20,47.0,person,69.0,Turn RIGHT
56.667097091674805,yolov8n.pt,17.306090113880177,84.4,35.4,43.19453239440918,1,1,[47],20,47.0,person,66.0,Turn RIGHT
56.724942445755005,yolov8n.pt,17.494417124433266,91.7,35.4,42.50192642211914,1,1,[47],20,47.0,person,67.0,Turn RIGHT
56.78182625770569,yolov8n.pt,17.477286175026876,90.6,35.4,42.83571243286133,1,1,[47],20,47.0,person,68.0,Turn RIGHT
56.837639808654785,yolov8n.pt,18.16337188908761,90.6,35.4,42.051076889038086,1,1,[47],20,47.0,person,70.0,Turn RIGHT
56.894521713256836,yolov8n.pt,15.997070848843595,87.5,35.4,47.70779609680176,1,1,[47],20,47.0,person,78.0,Turn RIGHT
56.957313776016235,yolov8n.pt,17.405484363588076,87.5,35.4,42.37103462219238,1,1,[47],20,47.0,person,79.0,Turn RIGHT
57.01416015625,yolov8n.pt,17.64796667578314,90.6,35.4,42.19245910644531,1,1,[47],20,47.0,person,82.0,Turn RIGHT
57.071008920669556,yolov8n.pt,17.32689439787829,84.4,35.4,43.03550720214844,1,1,[47],20,47.0,person,92.0,Turn RIGHT
57.12686514854431,yolov8n.pt,18.084820889601765,91.7,35.4,42.490243911743164,1,1,[47],20,47.0,person,97.0,Turn RIGHT
57.18371248245239,yolov8n.pt,17.941857878616773,84.4,35.4,41.38350486755371,1,1,[47],20,47.0,person,99.0,Turn RIGHT
57.237592458724976,yolov8n.pt,18.84614589651996,87.5,35.4,40.54379463195801,1,1,[47],20,47.0,person,101.0,Turn RIGHT
57.29341387748718,yolov8n.pt,17.180265017306,90.9,35.4,42.940378189086914,1,1,[47],20,47.0,person,102.0,Turn RIGHT
57.35126209259033,yolov8n.pt,17.47757748497804,83.3,35.4,42.32025146484375,1,1,[47],20,47.0,person,102.0,Turn RIGHT
57.40812659263611,yolov8n.pt,17.73130189221638,90.6,35.4,41.82910919189453,1,1,[47],20,47.0,person,101.0,Turn RIGHT
57.460970878601074,yolov8n.pt,19.40118785501508,88.0,35.4,40.54450988769531,1,1,[47],20,47.0,person,102.0,Turn RIGHT
57.51587653160095,yolov8n.pt,18.40301166229367,87.5,35.4,39.98541831970215,1,1,[47],20,47.0,person,101.0,Turn RIGHT
57.57068061828613,yolov8n.pt,18.30406814869123,87.5,35.4,39.78753089904785,1,1,[47],20,47.0,person,101.0,Turn RIGHT
57.625568866729736,yolov8n.pt,18.449070795487035,93.8,35.4,39.12162780761719,1,1,[47],20,47.0,person,102.0,Turn RIGHT
57.67938256263733,yolov8n.pt,18.13063137054872,83.3,35.4,40.46940803527832,1,1,[47],20,47.0,person,101.0,Turn RIGHT
57.734240770339966,yolov8n.pt,17.99443131164491,87.5,35.4,41.174888610839844,1,1,[47],20,47.0,person,100.0,Turn RIGHT
57.79008197784424,yolov8n.pt,18.021569318289234,83.3,35.4,40.82608222961426,1,1,[47],20,47.0,person,92.0,Turn RIGHT
57.84593725204468,yolov8n.pt,18.01212745855879,93.8,35.4,40.495872497558594,1,1,[47],20,47.0,person,70.0,Turn RIGHT
57.90079426765442,yolov8n.pt,18.637789222504143,83.3,35.4,39.28422927856445,1,1,[47],20,47.0,person,69.0,Turn RIGHT
57.9547233581543,yolov8n.pt,18.81267184269189,87.5,35.4,38.507938385009766,1,1,[47],20,47.0,person,66.0,Turn RIGHT
58.00651168823242,yolov8n.pt,19.274674068389345,83.3,35.4,38.60306739807129,1,1,[47],20,47.0,person,65.0,Turn RIGHT
58.06036400794983,yolov8n.pt,18.272092425516345,91.2,35.4,39.47329521179199,1,1,[47],20,47.0,person,65.0,Turn RIGHT
58.11422657966614,yolov8n.pt,18.22968432856255,87.5,35.4,40.47441482543945,1,1,[47],20,47.0,person,57.0,Turn RIGHT
58.16712760925293,yolov8n.pt,16.969445882962194,93.8,35.4,46.514034271240234,1,1,[47],20,47.0,person,61.0,Turn RIGHT
58.22892689704895,yolov8n.pt,15.801802344856686,90.6,35.4,47.98746109008789,1,1,[47],20,47.0,person,63.0,Turn RIGHT
58.291804790496826,yolov8n.pt,15.618800783490105,87.5,35.4,49.13473129272461,1,1,[47],20,47.0,person,65.0,Turn RIGHT
58.35658574104309,yolov8n.pt,15.235449456772455,93.9,35.4,50.002336502075195,1,1,[47],20,47.0,person,64.0,Turn RIGHT
58.421448945999146,yolov8n.pt,8.506508203703328,97.0,35.4,102.69045829772949,1,1,[47],20,47.0,person,64.0,Turn RIGHT
58.54009437561035,yolov8n.pt,14.30297326144854,93.9,35.4,53.95078659057617,1,1,[47],20,47.0,person,67.0,Turn RIGHT
58.609057664871216,yolov8n.pt,14.131228290056635,95.1,35.3,55.765628814697266,1,1,[47],20,47.0,person,67.0,Turn RIGHT
58.679927110672,yolov8n.pt,13.750013113034356,96.9,35.3,57.618141174316406,1,1,[47],20,47.0,person,68.0,Turn RIGHT
58.75288271903992,yolov8n.pt,13.666189872634087,97.6,35.3,57.83486366271973,1,1,[47],20,47.0,person,67.0,Turn RIGHT
58.825368881225586,yolov8n.pt,14.303070811096523,97.6,35.3,55.27305603027344,1,1,[47],20,47.0,person,66.0,Turn RIGHT
58.89614272117615,yolov8n.pt,14.501120177015627,87.5,35.3,53.453922271728516,1,1,[47],20,47.0,person,64.0,Turn RIGHT
58.96496248245239,yolov8n.pt,14.80772883414357,94.1,35.3,52.15311050415039,1,1,[47],20,47.0,person,65.0,Turn RIGHT
59.03078770637512,yolov8n.pt,15.644375482557077,90.9,35.3,50.2629280090332,1,1,[47],20,47.0,person,61.0,Turn RIGHT
59.093621015548706,yolov8n.pt,14.605851667676536,97.6,35.3,55.88889122009277,1,1,[47],20,47.0,person,65.0,Turn RIGHT
59.16444396972656,yolov8n.pt,14.268427014835503,90.6,35.3,55.153846740722656,1,1,[47],20,47.0,person,67.0,Turn RIGHT
59.2352454662323,yolov8n.pt,14.186384898717094,92.5,35.3,54.83269691467285,1,1,[47],20,47.0,person,64.0,Turn RIGHT
59.30707502365112,yolov8n.pt,13.068566051609928,97.6,35.4,59.53240394592285,1,1,[47],20,47.0,person,65.0,Turn RIGHT
59.38186240196228,yolov8n.pt,15.93883336500095,96.9,35.4,47.4848747253418,1,1,[47],20,47.0,person,62.0,Turn RIGHT
59.44467377662659,yolov8n.pt,16.29615354728417,87.5,35.4,46.04148864746094,1,1,[47],20,47.0,person,63.0,Turn RIGHT
59.50554823875427,yolov8n.pt,16.863964232009458,84.0,35.4,44.458866119384766,1,1,[47],20,47.0,person,62.0,Turn RIGHT
59.56535005569458,yolov8n.pt,16.595134187692636,93.9,35.4,44.90399360656738,1,1,[47],20,47.0,person,62.0,Turn RIGHT
59.62518095970154,yolov8n.pt,17.55952809572054,90.6,35.4,42.04058647155762,1,1,[47],20,47.0,person,63.0,Turn RIGHT
59.6820433139801,yolov8n.pt,17.553795932033147,84.4,35.4,42.13309288024902,1,1,[47],20,47.0,person,62.0,Turn RIGHT
59.73888826370239,yolov8n.pt,12.889013173866147,92.5,35.4,62.862396240234375,1,1,[47],20,47.0,person,59.0,Turn RIGHT
59.81668043136597,yolov8n.pt,16.316439741694545,87.5,35.4,46.35810852050781,1,1,[47],20,47.0,person,61.0,Turn RIGHT
59.87850546836853,yolov8n.pt,16.129208903108704,93.8,35.4,46.55170440673828,1,1,[47],20,47.0,person,62.0,Turn RIGHT
59.94034814834595,yolov8n.pt,16.26108903405897,93.8,35.4,46.20218276977539,1,1,[47],20,47.0,person,62.0,Turn RIGHT
60.00117611885071,yolov8n.pt,17.92276761487217,90.6,35.3,41.17417335510254,1,1,[47],20,47.0,person,63.0,Turn RIGHT
